origin,name,category,lastModified
小米应用,鱼耳,聊天社交,Sat Aug 04 2018 23:20:59 GMT+0800 (中国标准时间)
小米应用,砰砰,聊天社交,Sat Aug 04 2018 23:20:59 GMT+0800 (中国标准时间)
小米应用,新娘说,聊天社交,Sat Aug 04 2018 23:20:59 GMT+0800 (中国标准时间)
小米应用,龙巅鱼邻,聊天社交,Sat Aug 04 2018 23:20:59 GMT+0800 (中国标准时间)
小米应用,知乎极速版,聊天社交,Sat Aug 04 2018 23:20:59 GMT+0800 (中国标准时间)
小米应用,1号媒婆,聊天社交,Sat Aug 04 2018 23:20:59 GMT+0800 (中国标准时间)
小米应用,totwoo,聊天社交,Sat Aug 04 2018 23:20:59 GMT+0800 (中国标准时间)
小米应用,鱼乐时光,聊天社交,Sat Aug 04 2018 23:20:59 GMT+0800 (中国标准时间)
小米应用,KilaKila,聊天社交,Sat Aug 04 2018 23:20:59 GMT+0800 (中国标准时间)
小米应用,E迹,聊天社交,Sat Aug 04 2018 23:20:59 GMT+0800 (中国标准时间)
小米应用,7天情侣,聊天社交,Sat Aug 04 2018 23:20:59 GMT+0800 (中国标准时间)
小米应用,飞客达人,聊天社交,Sat Aug 04 2018 23:20:59 GMT+0800 (中国标准时间)
小米应用,对面,聊天社交,Sat Aug 04 2018 23:20:59 GMT+0800 (中国标准时间)
小米应用,1号社交,聊天社交,Sat Aug 04 2018 23:20:59 GMT+0800 (中国标准时间)
小米应用,钓鱼人-钓鱼之家,聊天社交,Sat Aug 04 2018 23:20:59 GMT+0800 (中国标准时间)
小米应用,姑苏网,聊天社交,Sat Aug 04 2018 23:20:59 GMT+0800 (中国标准时间)
小米应用,点点猫,聊天社交,Sat Aug 04 2018 23:20:59 GMT+0800 (中国标准时间)
小米应用,自在社区,聊天社交,Sat Aug 04 2018 23:20:59 GMT+0800 (中国标准时间)
小米应用,ii,聊天社交,Sat Aug 04 2018 23:20:59 GMT+0800 (中国标准时间)
小米应用,云居宝,聊天社交,Sat Aug 04 2018 23:20:59 GMT+0800 (中国标准时间)
小米应用,MOMO陌陌,聊天社交,Sat Aug 04 2018 23:20:59 GMT+0800 (中国标准时间)
小米应用,欢乐狼人杀Pro版,聊天社交,Sat Aug 04 2018 23:20:59 GMT+0800 (中国标准时间)
小米应用,猫爪电竞,聊天社交,Sat Aug 04 2018 23:20:59 GMT+0800 (中国标准时间)
小米应用,顶尖牛人,聊天社交,Sat Aug 04 2018 23:20:59 GMT+0800 (中国标准时间)
小米应用,游品位,聊天社交,Sat Aug 04 2018 23:20:59 GMT+0800 (中国标准时间)
小米应用,知乎,聊天社交,Sat Aug 04 2018 23:20:59 GMT+0800 (中国标准时间)
小米应用,戏精大侦探,聊天社交,Sat Aug 04 2018 23:20:59 GMT+0800 (中国标准时间)
小米应用,猪易通,聊天社交,Sat Aug 04 2018 23:20:59 GMT+0800 (中国标准时间)
小米应用,宜人帮,聊天社交,Sat Aug 04 2018 23:20:59 GMT+0800 (中国标准时间)
小米应用,U?社群,聊天社交,Sat Aug 04 2018 23:20:59 GMT+0800 (中国标准时间)
小米应用,她拍,影音视听,Sat Aug 04 2018 23:20:59 GMT+0800 (中国标准时间)
小米应用,虎牙直播,影音视听,Sat Aug 04 2018 23:20:59 GMT+0800 (中国标准时间)
小米应用,趣多拍,影音视听,Sat Aug 04 2018 23:20:59 GMT+0800 (中国标准时间)
小米应用,大爱妙音,影音视听,Sat Aug 04 2018 23:20:59 GMT+0800 (中国标准时间)
小米应用,MeMe直播,影音视听,Sat Aug 04 2018 23:20:59 GMT+0800 (中国标准时间)
小米应用,源音塘,影音视听,Sat Aug 04 2018 23:20:59 GMT+0800 (中国标准时间)
小米应用,MO声,影音视听,Sat Aug 04 2018 23:20:59 GMT+0800 (中国标准时间)
小米应用,快手直播伴侣,影音视听,Sat Aug 04 2018 23:20:59 GMT+0800 (中国标准时间)
小米应用,青柠直播,影音视听,Sat Aug 04 2018 23:20:59 GMT+0800 (中国标准时间)
小米应用,天天看视频,影音视听,Sat Aug 04 2018 23:20:59 GMT+0800 (中国标准时间)
小米应用,DOCO热纪录,影音视听,Sat Aug 04 2018 23:20:59 GMT+0800 (中国标准时间)
小米应用,爱音斯坦FM,影音视听,Sat Aug 04 2018 23:20:59 GMT+0800 (中国标准时间)
小米应用,EasyLive,影音视听,Sat Aug 04 2018 23:20:59 GMT+0800 (中国标准时间)
小米应用,不要音乐,影音视听,Sat Aug 04 2018 23:20:59 GMT+0800 (中国标准时间)
小米应用,斗鱼直播,影音视听,Sat Aug 04 2018 23:20:59 GMT+0800 (中国标准时间)
小米应用,韩剧TV,影音视听,Sat Aug 04 2018 23:20:59 GMT+0800 (中国标准时间)
小米应用,戏缘,影音视听,Sat Aug 04 2018 23:20:59 GMT+0800 (中国标准时间)
小米应用,花客插花,影音视听,Sat Aug 04 2018 23:20:59 GMT+0800 (中国标准时间)
小米应用,3D东东,影音视听,Sat Aug 04 2018 23:20:59 GMT+0800 (中国标准时间)
小米应用,快玩视频,影音视听,Sat Aug 04 2018 23:20:59 GMT+0800 (中国标准时间)
小米应用,黄梅迷-黄梅戏曲,影音视听,Sat Aug 04 2018 23:20:59 GMT+0800 (中国标准时间)
小米应用,看了吗,影音视听,Sat Aug 04 2018 23:20:59 GMT+0800 (中国标准时间)
小米应用,多乐电台,影音视听,Sat Aug 04 2018 23:20:59 GMT+0800 (中国标准时间)
小米应用,中国古筝网,影音视听,Sat Aug 04 2018 23:20:59 GMT+0800 (中国标准时间)
小米应用,六间房秀场,影音视听,Sat Aug 04 2018 23:20:59 GMT+0800 (中国标准时间)
小米应用,海贝音乐,影音视听,Sat Aug 04 2018 23:20:59 GMT+0800 (中国标准时间)
小米应用,Finger,影音视听,Sat Aug 04 2018 23:20:59 GMT+0800 (中国标准时间)
小米应用,羚萌直播,影音视听,Sat Aug 04 2018 23:20:59 GMT+0800 (中国标准时间)
小米应用,全新TV,影音视听,Sat Aug 04 2018 23:20:59 GMT+0800 (中国标准时间)
小米应用,优艺直播,影音视听,Sat Aug 04 2018 23:20:59 GMT+0800 (中国标准时间)
小米应用,喜悦读免费小说,图书阅读,Sat Aug 04 2018 23:21:00 GMT+0800 (中国标准时间)
小米应用,百问在线,图书阅读,Sat Aug 04 2018 23:21:00 GMT+0800 (中国标准时间)
小米应用,欢乐书客,图书阅读,Sat Aug 04 2018 23:21:00 GMT+0800 (中国标准时间)
小米应用,旧书街,图书阅读,Sat Aug 04 2018 23:21:00 GMT+0800 (中国标准时间)
小米应用,悠悠追书,图书阅读,Sat Aug 04 2018 23:21:00 GMT+0800 (中国标准时间)
小米应用,菠萝包轻小说,图书阅读,Sat Aug 04 2018 23:21:00 GMT+0800 (中国标准时间)
小米应用,全本免费追书小说,图书阅读,Sat Aug 04 2018 23:21:00 GMT+0800 (中国标准时间)
小米应用,玄猫漫画,图书阅读,Sat Aug 04 2018 23:21:00 GMT+0800 (中国标准时间)
小米应用,九酷福音,图书阅读,Sat Aug 04 2018 23:21:00 GMT+0800 (中国标准时间)
小米应用,免费阅读,图书阅读,Sat Aug 04 2018 23:21:00 GMT+0800 (中国标准时间)
小米应用,刺猬猫阅读,图书阅读,Sat Aug 04 2018 23:21:00 GMT+0800 (中国标准时间)
小米应用,追追漫画,图书阅读,Sat Aug 04 2018 23:21:00 GMT+0800 (中国标准时间)
小米应用,书海全本免费小说,图书阅读,Sat Aug 04 2018 23:21:00 GMT+0800 (中国标准时间)
小米应用,爱奇艺动漫,图书阅读,Sat Aug 04 2018 23:21:00 GMT+0800 (中国标准时间)
小米应用,豆腐,图书阅读,Sat Aug 04 2018 23:21:00 GMT+0800 (中国标准时间)
小米应用,橙光阅读器,图书阅读,Sat Aug 04 2018 23:21:00 GMT+0800 (中国标准时间)
小米应用,华网文学,图书阅读,Sat Aug 04 2018 23:21:00 GMT+0800 (中国标准时间)
小米应用,中国新时代,图书阅读,Sat Aug 04 2018 23:21:00 GMT+0800 (中国标准时间)
小米应用,洪恩故事,图书阅读,Sat Aug 04 2018 23:21:00 GMT+0800 (中国标准时间)
小米应用,九库阅读,图书阅读,Sat Aug 04 2018 23:21:00 GMT+0800 (中国标准时间)
小米应用,趣小说-电子书阅读,图书阅读,Sat Aug 04 2018 23:21:00 GMT+0800 (中国标准时间)
小米应用,微博动漫-看新漫画,图书阅读,Sat Aug 04 2018 23:21:00 GMT+0800 (中国标准时间)
小米应用,txt全本免费阅读器,图书阅读,Sat Aug 04 2018 23:21:00 GMT+0800 (中国标准时间)
小米应用,云朵免费小说阅读,图书阅读,Sat Aug 04 2018 23:21:00 GMT+0800 (中国标准时间)
小米应用,搜书大师,图书阅读,Sat Aug 04 2018 23:21:00 GMT+0800 (中国标准时间)
小米应用,米读小说,图书阅读,Sat Aug 04 2018 23:21:00 GMT+0800 (中国标准时间)
小米应用,趣阅读,图书阅读,Sat Aug 04 2018 23:21:00 GMT+0800 (中国标准时间)
小米应用,The Fridom,图书阅读,Sat Aug 04 2018 23:21:00 GMT+0800 (中国标准时间)
小米应用,百度文库,图书阅读,Sat Aug 04 2018 23:21:00 GMT+0800 (中国标准时间)
小米应用,启听小说,图书阅读,Sat Aug 04 2018 23:21:00 GMT+0800 (中国标准时间)
小米应用,初中数学作业答案-答案全,学习教育,Sat Aug 04 2018 23:21:00 GMT+0800 (中国标准时间)
小米应用,互动作业-答案搜题,学习教育,Sat Aug 04 2018 23:21:00 GMT+0800 (中国标准时间)
小米应用,学乐云家校,学习教育,Sat Aug 04 2018 23:21:00 GMT+0800 (中国标准时间)
小米应用,导游证考试,学习教育,Sat Aug 04 2018 23:21:00 GMT+0800 (中国标准时间)
小米应用,奇妙英雄联盟,学习教育,Sat Aug 04 2018 23:21:00 GMT+0800 (中国标准时间)
小米应用,经济师题库通,学习教育,Sat Aug 04 2018 23:21:00 GMT+0800 (中国标准时间)
小米应用,Teameeting,学习教育,Sat Aug 04 2018 23:21:00 GMT+0800 (中国标准时间)
小米应用,一年级语文上册,学习教育,Sat Aug 04 2018 23:21:00 GMT+0800 (中国标准时间)
小米应用,越听越聪明,学习教育,Sat Aug 04 2018 23:21:00 GMT+0800 (中国标准时间)
小米应用,学天网校,学习教育,Sat Aug 04 2018 23:21:00 GMT+0800 (中国标准时间)
小米应用,麦田亲子绘本,学习教育,Sat Aug 04 2018 23:21:00 GMT+0800 (中国标准时间)
小米应用,过招公考,学习教育,Sat Aug 04 2018 23:21:00 GMT+0800 (中国标准时间)
小米应用,护士执业资格,学习教育,Sat Aug 04 2018 23:21:00 GMT+0800 (中国标准时间)
小米应用,事业单位考试,学习教育,Sat Aug 04 2018 23:21:00 GMT+0800 (中国标准时间)
小米应用,四六级必过,学习教育,Sat Aug 04 2018 23:21:00 GMT+0800 (中国标准时间)
小米应用,云立方e课堂,学习教育,Sat Aug 04 2018 23:21:00 GMT+0800 (中国标准时间)
小米应用,阿卡索少儿英语,学习教育,Sat Aug 04 2018 23:21:00 GMT+0800 (中国标准时间)
小米应用,车学堂,学习教育,Sat Aug 04 2018 23:21:00 GMT+0800 (中国标准时间)
小米应用,学弟学妹家教平台,学习教育,Sat Aug 04 2018 23:21:00 GMT+0800 (中国标准时间)
小米应用,小步-亲子早教,学习教育,Sat Aug 04 2018 23:21:00 GMT+0800 (中国标准时间)
小米应用,宝宝音乐派对,学习教育,Sat Aug 04 2018 23:21:00 GMT+0800 (中国标准时间)
小米应用,小学英语,学习教育,Sat Aug 04 2018 23:21:00 GMT+0800 (中国标准时间)
小米应用,少年得到,学习教育,Sat Aug 04 2018 23:21:00 GMT+0800 (中国标准时间)
小米应用,书书备课大师,学习教育,Sat Aug 04 2018 23:21:00 GMT+0800 (中国标准时间)
小米应用,轻听英语,学习教育,Sat Aug 04 2018 23:21:00 GMT+0800 (中国标准时间)
小米应用,阳光语文,学习教育,Sat Aug 04 2018 23:21:00 GMT+0800 (中国标准时间)
小米应用,iBaby Care,学习教育,Sat Aug 04 2018 23:21:00 GMT+0800 (中国标准时间)
小米应用,教师资格证考试,学习教育,Sat Aug 04 2018 23:21:00 GMT+0800 (中国标准时间)
小米应用,会课教师版,学习教育,Sat Aug 04 2018 23:21:00 GMT+0800 (中国标准时间)
小米应用,儒思HR,学习教育,Sat Aug 04 2018 23:21:00 GMT+0800 (中国标准时间)
小米应用,蓝天家族,效率办公,Sat Aug 04 2018 23:21:01 GMT+0800 (中国标准时间)
小米应用,遥知,效率办公,Sat Aug 04 2018 23:21:01 GMT+0800 (中国标准时间)
小米应用,欢雀,效率办公,Sat Aug 04 2018 23:21:01 GMT+0800 (中国标准时间)
小米应用,鹏云视讯,效率办公,Sat Aug 04 2018 23:21:01 GMT+0800 (中国标准时间)
小米应用,冠唐云维保,效率办公,Sat Aug 04 2018 23:21:01 GMT+0800 (中国标准时间)
小米应用,布业宝,效率办公,Sat Aug 04 2018 23:21:01 GMT+0800 (中国标准时间)
小米应用,易公正通用版,效率办公,Sat Aug 04 2018 23:21:01 GMT+0800 (中国标准时间)
小米应用,海澜新能源,效率办公,Sat Aug 04 2018 23:21:01 GMT+0800 (中国标准时间)
小米应用,棒导游-旅行社,效率办公,Sat Aug 04 2018 23:21:01 GMT+0800 (中国标准时间)
小米应用,IDG Capital,效率办公,Sat Aug 04 2018 23:21:01 GMT+0800 (中国标准时间)
小米应用,柔记,效率办公,Sat Aug 04 2018 23:21:01 GMT+0800 (中国标准时间)
小米应用,腾讯影力云盘,效率办公,Sat Aug 04 2018 23:21:01 GMT+0800 (中国标准时间)
小米应用,全国招投标,效率办公,Sat Aug 04 2018 23:21:01 GMT+0800 (中国标准时间)
小米应用,华新智运,效率办公,Sat Aug 04 2018 23:21:01 GMT+0800 (中国标准时间)
小米应用,小帮专家,效率办公,Sat Aug 04 2018 23:21:01 GMT+0800 (中国标准时间)
小米应用,星彩软件,效率办公,Sat Aug 04 2018 23:21:01 GMT+0800 (中国标准时间)
小米应用,联富通,效率办公,Sat Aug 04 2018 23:21:01 GMT+0800 (中国标准时间)
小米应用,压缩解压缩软件,效率办公,Sat Aug 04 2018 23:21:01 GMT+0800 (中国标准时间)
小米应用,脉脉-工作人脉,效率办公,Sat Aug 04 2018 23:21:01 GMT+0800 (中国标准时间)
小米应用,恋爱纪念日倒数日,效率办公,Sat Aug 04 2018 23:21:01 GMT+0800 (中国标准时间)
小米应用,易数宝,效率办公,Sat Aug 04 2018 23:21:01 GMT+0800 (中国标准时间)
小米应用,爱开始-剧组版,效率办公,Sat Aug 04 2018 23:21:01 GMT+0800 (中国标准时间)
小米应用,淘电宝APP,效率办公,Sat Aug 04 2018 23:21:01 GMT+0800 (中国标准时间)
小米应用,智能云ERP,效率办公,Sat Aug 04 2018 23:21:01 GMT+0800 (中国标准时间)
小米应用,苹苔汇,效率办公,Sat Aug 04 2018 23:21:01 GMT+0800 (中国标准时间)
小米应用,紫云网商家版,效率办公,Sat Aug 04 2018 23:21:01 GMT+0800 (中国标准时间)
小米应用,标识小觅商贸,效率办公,Sat Aug 04 2018 23:21:01 GMT+0800 (中国标准时间)
小米应用,上橙地铁商家版,效率办公,Sat Aug 04 2018 23:21:01 GMT+0800 (中国标准时间)
小米应用,恒强远望,效率办公,Sat Aug 04 2018 23:21:01 GMT+0800 (中国标准时间)
小米应用,智管车,效率办公,Sat Aug 04 2018 23:21:01 GMT+0800 (中国标准时间)
小米应用,幸福边城,时尚购物,Sat Aug 04 2018 23:21:01 GMT+0800 (中国标准时间)
小米应用,苏宁易购,时尚购物,Sat Aug 04 2018 23:21:01 GMT+0800 (中国标准时间)
小米应用,傻孩志,时尚购物,Sat Aug 04 2018 23:21:01 GMT+0800 (中国标准时间)
小米应用,自游邦,时尚购物,Sat Aug 04 2018 23:21:01 GMT+0800 (中国标准时间)
小米应用,米仓伙伴,时尚购物,Sat Aug 04 2018 23:21:01 GMT+0800 (中国标准时间)
小米应用,MallHaHa,时尚购物,Sat Aug 04 2018 23:21:01 GMT+0800 (中国标准时间)
小米应用,唯品仓,时尚购物,Sat Aug 04 2018 23:21:01 GMT+0800 (中国标准时间)
小米应用,巴沃外卖,时尚购物,Sat Aug 04 2018 23:21:01 GMT+0800 (中国标准时间)
小米应用,520爱之家,时尚购物,Sat Aug 04 2018 23:21:01 GMT+0800 (中国标准时间)
小米应用,新天智付,时尚购物,Sat Aug 04 2018 23:21:01 GMT+0800 (中国标准时间)
小米应用,99E,时尚购物,Sat Aug 04 2018 23:21:01 GMT+0800 (中国标准时间)
小米应用,全民惊喜,时尚购物,Sat Aug 04 2018 23:21:01 GMT+0800 (中国标准时间)
小米应用,艺狐全球拍卖,时尚购物,Sat Aug 04 2018 23:21:01 GMT+0800 (中国标准时间)
小米应用,叮咚商城,时尚购物,Sat Aug 04 2018 23:21:01 GMT+0800 (中国标准时间)
小米应用,优享商家端,时尚购物,Sat Aug 04 2018 23:21:01 GMT+0800 (中国标准时间)
小米应用,助商通,时尚购物,Sat Aug 04 2018 23:21:01 GMT+0800 (中国标准时间)
小米应用,推推客,时尚购物,Sat Aug 04 2018 23:21:01 GMT+0800 (中国标准时间)
小米应用,好省,时尚购物,Sat Aug 04 2018 23:21:01 GMT+0800 (中国标准时间)
小米应用,陵川同城,时尚购物,Sat Aug 04 2018 23:21:01 GMT+0800 (中国标准时间)
小米应用,try try,时尚购物,Sat Aug 04 2018 23:21:01 GMT+0800 (中国标准时间)
小米应用,通联,时尚购物,Sat Aug 04 2018 23:21:01 GMT+0800 (中国标准时间)
小米应用,麻利回收&mdash;短期借款,时尚购物,Sat Aug 04 2018 23:21:01 GMT+0800 (中国标准时间)
小米应用,掌店,时尚购物,Sat Aug 04 2018 23:21:01 GMT+0800 (中国标准时间)
小米应用,仙谷掌柜+,时尚购物,Sat Aug 04 2018 23:21:01 GMT+0800 (中国标准时间)
小米应用,甩锅优鲜,时尚购物,Sat Aug 04 2018 23:21:01 GMT+0800 (中国标准时间)
小米应用,果速送,时尚购物,Sat Aug 04 2018 23:21:01 GMT+0800 (中国标准时间)
小米应用,嗨海鲜,时尚购物,Sat Aug 04 2018 23:21:01 GMT+0800 (中国标准时间)
小米应用,手机天猫,时尚购物,Sat Aug 04 2018 23:21:01 GMT+0800 (中国标准时间)
小米应用,易如,时尚购物,Sat Aug 04 2018 23:21:01 GMT+0800 (中国标准时间)
小米应用,美心土鸡蛋,时尚购物,Sat Aug 04 2018 23:21:01 GMT+0800 (中国标准时间)
小米应用,电桩汇,旅行交通,Sat Aug 04 2018 23:21:02 GMT+0800 (中国标准时间)
小米应用,凯撒旅游,旅行交通,Sat Aug 04 2018 23:21:02 GMT+0800 (中国标准时间)
小米应用,小棠菜旅行,旅行交通,Sat Aug 04 2018 23:21:02 GMT+0800 (中国标准时间)
小米应用,车游记,旅行交通,Sat Aug 04 2018 23:21:02 GMT+0800 (中国标准时间)
小米应用,去买油,旅行交通,Sat Aug 04 2018 23:21:02 GMT+0800 (中国标准时间)
小米应用,高德淘金,旅行交通,Sat Aug 04 2018 23:21:02 GMT+0800 (中国标准时间)
小米应用,同程旅游-酒店机票,旅行交通,Sat Aug 04 2018 23:21:02 GMT+0800 (中国标准时间)
小米应用,盈科旅游,旅行交通,Sat Aug 04 2018 23:21:02 GMT+0800 (中国标准时间)
小米应用,吉祥航空,旅行交通,Sat Aug 04 2018 23:21:02 GMT+0800 (中国标准时间)
小米应用,瑞电易充,旅行交通,Sat Aug 04 2018 23:21:02 GMT+0800 (中国标准时间)
小米应用,苏打出行,旅行交通,Sat Aug 04 2018 23:21:02 GMT+0800 (中国标准时间)
小米应用,货运宝司机端,旅行交通,Sat Aug 04 2018 23:21:02 GMT+0800 (中国标准时间)
小米应用,旅途点点,旅行交通,Sat Aug 04 2018 23:21:02 GMT+0800 (中国标准时间)
小米应用,大扑家居,居家生活,Sat Aug 04 2018 23:21:02 GMT+0800 (中国标准时间)
小米应用,微油,旅行交通,Sat Aug 04 2018 23:21:02 GMT+0800 (中国标准时间)
小米应用,唐僧招聘,居家生活,Sat Aug 04 2018 23:21:02 GMT+0800 (中国标准时间)
小米应用,松云停车商家,居家生活,Sat Aug 04 2018 23:21:02 GMT+0800 (中国标准时间)
小米应用,K9用车,旅行交通,Sat Aug 04 2018 23:21:02 GMT+0800 (中国标准时间)
小米应用,黑狗伴我行,旅行交通,Sat Aug 04 2018 23:21:02 GMT+0800 (中国标准时间)
小米应用,嗨养车,旅行交通,Sat Aug 04 2018 23:21:02 GMT+0800 (中国标准时间)
小米应用,旅刻,旅行交通,Sat Aug 04 2018 23:21:02 GMT+0800 (中国标准时间)
小米应用,Go自游,旅行交通,Sat Aug 04 2018 23:21:02 GMT+0800 (中国标准时间)
小米应用,上海公交,旅行交通,Sat Aug 04 2018 23:21:02 GMT+0800 (中国标准时间)
小米应用,车行易查违章,居家生活,Sat Aug 04 2018 23:21:02 GMT+0800 (中国标准时间)
小米应用,桔子短租住宿,旅行交通,Sat Aug 04 2018 23:21:02 GMT+0800 (中国标准时间)
小米应用,XUI车载桌面,旅行交通,Sat Aug 04 2018 23:21:02 GMT+0800 (中国标准时间)
小米应用,脑汲,旅行交通,Sat Aug 04 2018 23:21:02 GMT+0800 (中国标准时间)
小米应用,青客公寓,居家生活,Sat Aug 04 2018 23:21:02 GMT+0800 (中国标准时间)
小米应用,青海公安,居家生活,Sat Aug 04 2018 23:21:02 GMT+0800 (中国标准时间)
小米应用,滴嗒校园,居家生活,Sat Aug 04 2018 23:21:02 GMT+0800 (中国标准时间)
小米应用,经纪云,居家生活,Sat Aug 04 2018 23:21:02 GMT+0800 (中国标准时间)
小米应用,ETCP停车,旅行交通,Sat Aug 04 2018 23:21:02 GMT+0800 (中国标准时间)
小米应用,城宿租房,居家生活,Sat Aug 04 2018 23:21:02 GMT+0800 (中国标准时间)
小米应用,盈象旅游,旅行交通,Sat Aug 04 2018 23:21:02 GMT+0800 (中国标准时间)
小米应用,拓者设计吧,居家生活,Sat Aug 04 2018 23:21:02 GMT+0800 (中国标准时间)
小米应用,全能车主,旅行交通,Sat Aug 04 2018 23:21:02 GMT+0800 (中国标准时间)
小米应用,乐活旅行,旅行交通,Sat Aug 04 2018 23:21:02 GMT+0800 (中国标准时间)
小米应用,小帮鉴定,居家生活,Sat Aug 04 2018 23:21:02 GMT+0800 (中国标准时间)
小米应用,黄金出行,旅行交通,Sat Aug 04 2018 23:21:02 GMT+0800 (中国标准时间)
小米应用,荃屋,居家生活,Sat Aug 04 2018 23:21:02 GMT+0800 (中国标准时间)
小米应用,怪物闹钟,居家生活,Sat Aug 04 2018 23:21:02 GMT+0800 (中国标准时间)
小米应用,淘安装,居家生活,Sat Aug 04 2018 23:21:02 GMT+0800 (中国标准时间)
小米应用,六波罗蜜商家版,居家生活,Sat Aug 04 2018 23:21:02 GMT+0800 (中国标准时间)
小米应用,急先蜂商家版,居家生活,Sat Aug 04 2018 23:21:02 GMT+0800 (中国标准时间)
小米应用,明天充电,旅行交通,Sat Aug 04 2018 23:21:02 GMT+0800 (中国标准时间)
小米应用,黄金出行司机端,旅行交通,Sat Aug 04 2018 23:21:02 GMT+0800 (中国标准时间)
小米应用,任多多,居家生活,Sat Aug 04 2018 23:21:02 GMT+0800 (中国标准时间)
小米应用,世联红璞,居家生活,Sat Aug 04 2018 23:21:02 GMT+0800 (中国标准时间)
小米应用,宅猫找房,居家生活,Sat Aug 04 2018 23:21:02 GMT+0800 (中国标准时间)
小米应用,造作,居家生活,Sat Aug 04 2018 23:21:02 GMT+0800 (中国标准时间)
小米应用,汽车报价大全,居家生活,Sat Aug 04 2018 23:21:02 GMT+0800 (中国标准时间)
小米应用,大众点评,居家生活,Sat Aug 04 2018 23:21:02 GMT+0800 (中国标准时间)
小米应用,陪彼宠物,居家生活,Sat Aug 04 2018 23:21:02 GMT+0800 (中国标准时间)
小米应用,修达达,居家生活,Sat Aug 04 2018 23:21:02 GMT+0800 (中国标准时间)
小米应用,记点,居家生活,Sat Aug 04 2018 23:21:02 GMT+0800 (中国标准时间)
小米应用,河马自助洗车,居家生活,Sat Aug 04 2018 23:21:02 GMT+0800 (中国标准时间)
小米应用,思乐智,居家生活,Sat Aug 04 2018 23:21:02 GMT+0800 (中国标准时间)
小米应用,家居在线,居家生活,Sat Aug 04 2018 23:21:02 GMT+0800 (中国标准时间)
小米应用,万象智能,居家生活,Sat Aug 04 2018 23:21:02 GMT+0800 (中国标准时间)
小米应用,回头客,居家生活,Sat Aug 04 2018 23:21:02 GMT+0800 (中国标准时间)
小米应用,Sweet Selfie,摄影摄像,Sat Aug 04 2018 23:21:03 GMT+0800 (中国标准时间)
小米应用,SmartViewer,摄影摄像,Sat Aug 04 2018 23:21:03 GMT+0800 (中国标准时间)
小米应用,flow,摄影摄像,Sat Aug 04 2018 23:21:03 GMT+0800 (中国标准时间)
小米应用,VeeR编辑器,摄影摄像,Sat Aug 04 2018 23:21:03 GMT+0800 (中国标准时间)
小米应用,Camorama C3,摄影摄像,Sat Aug 04 2018 23:21:03 GMT+0800 (中国标准时间)
小米应用,小拍狗,摄影摄像,Sat Aug 04 2018 23:21:03 GMT+0800 (中国标准时间)
小米应用,FrontRow,摄影摄像,Sat Aug 04 2018 23:21:03 GMT+0800 (中国标准时间)
小米应用,B612咔叽,摄影摄像,Sat Aug 04 2018 23:21:03 GMT+0800 (中国标准时间)
小米应用,快手,摄影摄像,Sat Aug 04 2018 23:21:03 GMT+0800 (中国标准时间)
小米应用,Coveer,摄影摄像,Sat Aug 04 2018 23:21:03 GMT+0800 (中国标准时间)
小米应用,美颜相机,摄影摄像,Sat Aug 04 2018 23:21:03 GMT+0800 (中国标准时间)
小米应用,Foodie,摄影摄像,Sat Aug 04 2018 23:21:03 GMT+0800 (中国标准时间)
小米应用,图虫,摄影摄像,Sat Aug 04 2018 23:21:03 GMT+0800 (中国标准时间)
小米应用,秒懂百科,摄影摄像,Sat Aug 04 2018 23:21:03 GMT+0800 (中国标准时间)
小米应用,图片编辑器,摄影摄像,Sat Aug 04 2018 23:21:03 GMT+0800 (中国标准时间)
小米应用,颜值测试,摄影摄像,Sat Aug 04 2018 23:21:03 GMT+0800 (中国标准时间)
小米应用,3D Park,摄影摄像,Sat Aug 04 2018 23:21:03 GMT+0800 (中国标准时间)
小米应用,图曰,摄影摄像,Sat Aug 04 2018 23:21:03 GMT+0800 (中国标准时间)
小米应用,轻颜相机,摄影摄像,Sat Aug 04 2018 23:21:03 GMT+0800 (中国标准时间)
小米应用,巴啦啦短视频,摄影摄像,Sat Aug 04 2018 23:21:03 GMT+0800 (中国标准时间)
小米应用,证件照研究院,摄影摄像,Sat Aug 04 2018 23:21:03 GMT+0800 (中国标准时间)
小米应用,美时美刻,摄影摄像,Sat Aug 04 2018 23:21:03 GMT+0800 (中国标准时间)
小米应用,章鱼视频,摄影摄像,Sat Aug 04 2018 23:21:03 GMT+0800 (中国标准时间)
小米应用,大片-短视频,摄影摄像,Sat Aug 04 2018 23:21:03 GMT+0800 (中国标准时间)
小米应用,华慧视,摄影摄像,Sat Aug 04 2018 23:21:03 GMT+0800 (中国标准时间)
小米应用,时光小屋,摄影摄像,Sat Aug 04 2018 23:21:03 GMT+0800 (中国标准时间)
小米应用,时光相册,摄影摄像,Sat Aug 04 2018 23:21:03 GMT+0800 (中国标准时间)
小米应用,企拍,摄影摄像,Sat Aug 04 2018 23:21:03 GMT+0800 (中国标准时间)
小米应用,USB摄像头,摄影摄像,Sat Aug 04 2018 23:21:03 GMT+0800 (中国标准时间)
小米应用,小精灵美化,摄影摄像,Sat Aug 04 2018 23:21:03 GMT+0800 (中国标准时间)
小米应用,MSH CHINA,医疗健康,Sat Aug 04 2018 23:21:03 GMT+0800 (中国标准时间)
小米应用,糖吧,医疗健康,Sat Aug 04 2018 23:21:03 GMT+0800 (中国标准时间)
小米应用,中通国医,医疗健康,Sat Aug 04 2018 23:21:03 GMT+0800 (中国标准时间)
小米应用,中医家,医疗健康,Sat Aug 04 2018 23:21:03 GMT+0800 (中国标准时间)
小米应用,健康320,医疗健康,Sat Aug 04 2018 23:21:03 GMT+0800 (中国标准时间)
小米应用,君康精品生活,医疗健康,Sat Aug 04 2018 23:21:03 GMT+0800 (中国标准时间)
小米应用,直医医生端,医疗健康,Sat Aug 04 2018 23:21:03 GMT+0800 (中国标准时间)
小米应用,更美,医疗健康,Sat Aug 04 2018 23:21:03 GMT+0800 (中国标准时间)
小米应用,宝宝树孕育,医疗健康,Sat Aug 04 2018 23:21:03 GMT+0800 (中国标准时间)
小米应用,鲸至医疗,医疗健康,Sat Aug 04 2018 23:21:03 GMT+0800 (中国标准时间)
小米应用,肌肤秘诀,医疗健康,Sat Aug 04 2018 23:21:03 GMT+0800 (中国标准时间)
小米应用,医依助手,医疗健康,Sat Aug 04 2018 23:21:03 GMT+0800 (中国标准时间)
小米应用,健康猫,医疗健康,Sat Aug 04 2018 23:21:03 GMT+0800 (中国标准时间)
小米应用,好大夫医生版,医疗健康,Sat Aug 04 2018 23:21:03 GMT+0800 (中国标准时间)
小米应用,爱帮诊,医疗健康,Sat Aug 04 2018 23:21:03 GMT+0800 (中国标准时间)
小米应用,风湿中心,医疗健康,Sat Aug 04 2018 23:21:03 GMT+0800 (中国标准时间)
小米应用,广东云医院,医疗健康,Sat Aug 04 2018 23:21:03 GMT+0800 (中国标准时间)
小米应用,潮汐,医疗健康,Sat Aug 04 2018 23:21:03 GMT+0800 (中国标准时间)
小米应用,金草中医医生,医疗健康,Sat Aug 04 2018 23:21:03 GMT+0800 (中国标准时间)
小米应用,经七纬五,医疗健康,Sat Aug 04 2018 23:21:03 GMT+0800 (中国标准时间)
小米应用,好大夫在线,医疗健康,Sat Aug 04 2018 23:21:03 GMT+0800 (中国标准时间)
小米应用,孕e家,医疗健康,Sat Aug 04 2018 23:21:03 GMT+0800 (中国标准时间)
小米应用,京东医生,医疗健康,Sat Aug 04 2018 23:21:03 GMT+0800 (中国标准时间)
小米应用,一斤,医疗健康,Sat Aug 04 2018 23:21:03 GMT+0800 (中国标准时间)
小米应用,小豆苗疫苗助手,医疗健康,Sat Aug 04 2018 23:21:03 GMT+0800 (中国标准时间)
小米应用,妈妈帮,医疗健康,Sat Aug 04 2018 23:21:03 GMT+0800 (中国标准时间)
小米应用,OG在线,医疗健康,Sat Aug 04 2018 23:21:03 GMT+0800 (中国标准时间)
小米应用,好体知,医疗健康,Sat Aug 04 2018 23:21:03 GMT+0800 (中国标准时间)
小米应用,医之佳,医疗健康,Sat Aug 04 2018 23:21:03 GMT+0800 (中国标准时间)
小米应用,朱李叶健康,医疗健康,Sat Aug 04 2018 23:21:03 GMT+0800 (中国标准时间)
小米应用,觅渡,新闻资讯,Sat Aug 04 2018 23:21:04 GMT+0800 (中国标准时间)
小米应用,区分,新闻资讯,Sat Aug 04 2018 23:21:04 GMT+0800 (中国标准时间)
小米应用,今日头条,新闻资讯,Sat Aug 04 2018 23:21:04 GMT+0800 (中国标准时间)
小米应用,创业宝,新闻资讯,Sat Aug 04 2018 23:21:04 GMT+0800 (中国标准时间)
小米应用,百家头条,新闻资讯,Sat Aug 04 2018 23:21:04 GMT+0800 (中国标准时间)
小米应用,易界并购,新闻资讯,Sat Aug 04 2018 23:21:04 GMT+0800 (中国标准时间)
小米应用,中国财经,新闻资讯,Sat Aug 04 2018 23:21:04 GMT+0800 (中国标准时间)
小米应用,链360,新闻资讯,Sat Aug 04 2018 23:21:04 GMT+0800 (中国标准时间)
小米应用,亿欧,新闻资讯,Sat Aug 04 2018 23:21:04 GMT+0800 (中国标准时间)
小米应用,金联创金属,新闻资讯,Sat Aug 04 2018 23:21:04 GMT+0800 (中国标准时间)
小米应用,比特币火币行情,新闻资讯,Sat Aug 04 2018 23:21:04 GMT+0800 (中国标准时间)
小米应用,信物通,新闻资讯,Sat Aug 04 2018 23:21:04 GMT+0800 (中国标准时间)
小米应用,蛙蛙,新闻资讯,Sat Aug 04 2018 23:21:04 GMT+0800 (中国标准时间)
小米应用,泡泡,新闻资讯,Sat Aug 04 2018 23:21:04 GMT+0800 (中国标准时间)
小米应用,橙子快报,新闻资讯,Sat Aug 04 2018 23:21:04 GMT+0800 (中国标准时间)
小米应用,新浪新闻,新闻资讯,Sat Aug 04 2018 23:21:04 GMT+0800 (中国标准时间)
小米应用,半岛+,新闻资讯,Sat Aug 04 2018 23:21:04 GMT+0800 (中国标准时间)
小米应用,众望,新闻资讯,Sat Aug 04 2018 23:21:04 GMT+0800 (中国标准时间)
小米应用,赣州网络台,新闻资讯,Sat Aug 04 2018 23:21:04 GMT+0800 (中国标准时间)
小米应用,亿邦,新闻资讯,Sat Aug 04 2018 23:21:04 GMT+0800 (中国标准时间)
小米应用,时代财经,新闻资讯,Sat Aug 04 2018 23:21:04 GMT+0800 (中国标准时间)
小米应用,产品经理,新闻资讯,Sat Aug 04 2018 23:21:04 GMT+0800 (中国标准时间)
小米应用,雪缘园足球,新闻资讯,Sat Aug 04 2018 23:21:04 GMT+0800 (中国标准时间)
小米应用,股翻翻,新闻资讯,Sat Aug 04 2018 23:21:04 GMT+0800 (中国标准时间)
小米应用,政资汇,新闻资讯,Sat Aug 04 2018 23:21:04 GMT+0800 (中国标准时间)
小米应用,子曰,新闻资讯,Sat Aug 04 2018 23:21:04 GMT+0800 (中国标准时间)
小米应用,8点科技,新闻资讯,Sat Aug 04 2018 23:21:04 GMT+0800 (中国标准时间)
小米应用,新株洲,新闻资讯,Sat Aug 04 2018 23:21:04 GMT+0800 (中国标准时间)
小米应用,车友头条,新闻资讯,Sat Aug 04 2018 23:21:04 GMT+0800 (中国标准时间)
小米应用,无线泉州,新闻资讯,Sat Aug 04 2018 23:21:04 GMT+0800 (中国标准时间)
小米应用,I Love Sports YF,体育运动,Sat Aug 04 2018 23:21:04 GMT+0800 (中国标准时间)
小米应用,高领秀,体育运动,Sat Aug 04 2018 23:21:04 GMT+0800 (中国标准时间)
小米应用,KM1930,体育运动,Sat Aug 04 2018 23:21:04 GMT+0800 (中国标准时间)
小米应用,a.b.art,体育运动,Sat Aug 04 2018 23:21:04 GMT+0800 (中国标准时间)
小米应用,优钓,体育运动,Sat Aug 04 2018 23:21:04 GMT+0800 (中国标准时间)
小米应用,麦步手表,体育运动,Sat Aug 04 2018 23:21:04 GMT+0800 (中国标准时间)
小米应用,壹球,体育运动,Sat Aug 04 2018 23:21:04 GMT+0800 (中国标准时间)
小米应用,韵动吧,体育运动,Sat Aug 04 2018 23:21:04 GMT+0800 (中国标准时间)
小米应用,懒人易健,体育运动,Sat Aug 04 2018 23:21:04 GMT+0800 (中国标准时间)
小米应用,乐心运动,体育运动,Sat Aug 04 2018 23:21:04 GMT+0800 (中国标准时间)
小米应用,量子足球,体育运动,Sat Aug 04 2018 23:21:04 GMT+0800 (中国标准时间)
小米应用,一起吗,体育运动,Sat Aug 04 2018 23:21:04 GMT+0800 (中国标准时间)
小米应用,荔枝跑,体育运动,Sat Aug 04 2018 23:21:04 GMT+0800 (中国标准时间)
小米应用,变啦,体育运动,Sat Aug 04 2018 23:21:04 GMT+0800 (中国标准时间)
小米应用,行者,体育运动,Sat Aug 04 2018 23:21:04 GMT+0800 (中国标准时间)
小米应用,ACTON,体育运动,Sat Aug 04 2018 23:21:04 GMT+0800 (中国标准时间)
小米应用,咕咚,体育运动,Sat Aug 04 2018 23:21:04 GMT+0800 (中国标准时间)
小米应用,TOP足球,体育运动,Sat Aug 04 2018 23:21:04 GMT+0800 (中国标准时间)
小米应用,小米运动,体育运动,Sat Aug 04 2018 23:21:04 GMT+0800 (中国标准时间)
小米应用,悦跑圈,体育运动,Sat Aug 04 2018 23:21:04 GMT+0800 (中国标准时间)
小米应用,墨汁,体育运动,Sat Aug 04 2018 23:21:04 GMT+0800 (中国标准时间)
小米应用,派队,体育运动,Sat Aug 04 2018 23:21:04 GMT+0800 (中国标准时间)
小米应用,健身减肥,体育运动,Sat Aug 04 2018 23:21:04 GMT+0800 (中国标准时间)
小米应用,咪咕善跑,体育运动,Sat Aug 04 2018 23:21:04 GMT+0800 (中国标准时间)
小米应用,乐动力,体育运动,Sat Aug 04 2018 23:21:04 GMT+0800 (中国标准时间)
小米应用,Try健身计划,体育运动,Sat Aug 04 2018 23:21:04 GMT+0800 (中国标准时间)
小米应用,Try健身,体育运动,Sat Aug 04 2018 23:21:04 GMT+0800 (中国标准时间)
小米应用,弈客围棋,体育运动,Sat Aug 04 2018 23:21:04 GMT+0800 (中国标准时间)
小米应用,Keep,体育运动,Sat Aug 04 2018 23:21:04 GMT+0800 (中国标准时间)
小米应用,爱球迷,体育运动,Sat Aug 04 2018 23:21:04 GMT+0800 (中国标准时间)
小米应用,天天抓娃娃,娱乐消遣,Sat Aug 04 2018 23:21:05 GMT+0800 (中国标准时间)
小米应用,个性签名设计师,娱乐消遣,Sat Aug 04 2018 23:21:05 GMT+0800 (中国标准时间)
小米应用,咪咕游戏,娱乐消遣,Sat Aug 04 2018 23:21:05 GMT+0800 (中国标准时间)
小米应用,龙珠抓娃娃,娱乐消遣,Sat Aug 04 2018 23:21:05 GMT+0800 (中国标准时间)
小米应用,最右,娱乐消遣,Sat Aug 04 2018 23:21:05 GMT+0800 (中国标准时间)
小米应用,玩转电音,娱乐消遣,Sat Aug 04 2018 23:21:05 GMT+0800 (中国标准时间)
小米应用,偶夜,娱乐消遣,Sat Aug 04 2018 23:21:05 GMT+0800 (中国标准时间)
小米应用,格子画,娱乐消遣,Sat Aug 04 2018 23:21:05 GMT+0800 (中国标准时间)
小米应用,八字算命,娱乐消遣,Sat Aug 04 2018 23:21:16 GMT+0800 (中国标准时间)
小米应用,起名取名字大师,娱乐消遣,Sat Aug 04 2018 23:21:05 GMT+0800 (中国标准时间)
小米应用,口袋植物,娱乐消遣,Sat Aug 04 2018 23:21:05 GMT+0800 (中国标准时间)
小米应用,预言家,娱乐消遣,Sat Aug 04 2018 23:21:05 GMT+0800 (中国标准时间)
小米应用,乐抓娃娃机,娱乐消遣,Sat Aug 04 2018 23:21:05 GMT+0800 (中国标准时间)
小米应用,人猫狗交流器,娱乐消遣,Sat Aug 04 2018 23:21:05 GMT+0800 (中国标准时间)
小米应用,十二星座运势配对,娱乐消遣,Sat Aug 04 2018 23:21:05 GMT+0800 (中国标准时间)
小米应用,DNF掌游宝,娱乐消遣,Sat Aug 04 2018 23:21:05 GMT+0800 (中国标准时间)
小米应用,欢聚抓娃娃,娱乐消遣,Sat Aug 04 2018 23:21:05 GMT+0800 (中国标准时间)
小米应用,4399在线玩,娱乐消遣,Sat Aug 04 2018 23:21:05 GMT+0800 (中国标准时间)
小米应用,抓娃娃,娱乐消遣,Sat Aug 04 2018 23:21:16 GMT+0800 (中国标准时间)
小米应用,中鸽助手,娱乐消遣,Sat Aug 04 2018 23:21:05 GMT+0800 (中国标准时间)
小米应用,易戴宝,娱乐消遣,Sat Aug 04 2018 23:21:05 GMT+0800 (中国标准时间)
小米应用,抓娃娃,娱乐消遣,Sat Aug 04 2018 23:21:05 GMT+0800 (中国标准时间)
小米应用,紫微大师星座算命,娱乐消遣,Sat Aug 04 2018 23:21:05 GMT+0800 (中国标准时间)
小米应用,莉比狂欢嘉年华,娱乐消遣,Sat Aug 04 2018 23:21:05 GMT+0800 (中国标准时间)
小米应用,果果抓娃娃机,娱乐消遣,Sat Aug 04 2018 23:21:05 GMT+0800 (中国标准时间)
小米应用,六道算命,娱乐消遣,Sat Aug 04 2018 23:21:05 GMT+0800 (中国标准时间)
小米应用,Fancyoo,娱乐消遣,Sat Aug 04 2018 23:21:05 GMT+0800 (中国标准时间)
小米应用,美美抓娃娃,娱乐消遣,Sat Aug 04 2018 23:21:05 GMT+0800 (中国标准时间)
小米应用,莉比公主环游世界,娱乐消遣,Sat Aug 04 2018 23:21:05 GMT+0800 (中国标准时间)
小米应用,逗客,娱乐消遣,Sat Aug 04 2018 23:21:05 GMT+0800 (中国标准时间)
小米应用,银河钱包,金融理财,Sat Aug 04 2018 23:21:05 GMT+0800 (中国标准时间)
小米应用,森宝,金融理财,Sat Aug 04 2018 23:21:05 GMT+0800 (中国标准时间)
小米应用,Tiger Trade-老虎证券,金融理财,Sat Aug 04 2018 23:21:05 GMT+0800 (中国标准时间)
小米应用,壹钱包,金融理财,Sat Aug 04 2018 23:21:05 GMT+0800 (中国标准时间)
小米应用,征信查询,金融理财,Sat Aug 04 2018 23:21:05 GMT+0800 (中国标准时间)
小米应用,小鲨易贷,金融理财,Sat Aug 04 2018 23:21:05 GMT+0800 (中国标准时间)
小米应用,钱悦贷,金融理财,Sat Aug 04 2018 23:21:05 GMT+0800 (中国标准时间)
小米应用,天天慧选股-炒股票,金融理财,Sat Aug 04 2018 23:21:05 GMT+0800 (中国标准时间)
小米应用,碎片整合,金融理财,Sat Aug 04 2018 23:21:05 GMT+0800 (中国标准时间)
小米应用,好基友基金,金融理财,Sat Aug 04 2018 23:21:05 GMT+0800 (中国标准时间)
小米应用,稠银宝,金融理财,Sat Aug 04 2018 23:21:05 GMT+0800 (中国标准时间)
小米应用,国元期货上海,金融理财,Sat Aug 04 2018 23:21:05 GMT+0800 (中国标准时间)
小米应用,任性贷-借钱贷款,金融理财,Sat Aug 04 2018 23:21:05 GMT+0800 (中国标准时间)
小米应用,钱包超人,金融理财,Sat Aug 04 2018 23:21:05 GMT+0800 (中国标准时间)
小米应用,人人交易网,金融理财,Sat Aug 04 2018 23:21:05 GMT+0800 (中国标准时间)
小米应用,纷领钱包,金融理财,Sat Aug 04 2018 23:21:05 GMT+0800 (中国标准时间)
小米应用,每日一股,金融理财,Sat Aug 04 2018 23:21:05 GMT+0800 (中国标准时间)
小米应用,策略交易-股票,金融理财,Sat Aug 04 2018 23:21:05 GMT+0800 (中国标准时间)
小米应用,乐宝袋,金融理财,Sat Aug 04 2018 23:21:05 GMT+0800 (中国标准时间)
小米应用,友邦外汇,金融理财,Sat Aug 04 2018 23:21:05 GMT+0800 (中国标准时间)
小米应用,炒股财经通-炒股,金融理财,Sat Aug 04 2018 23:21:05 GMT+0800 (中国标准时间)
小米应用,财宝理财-投资理财app,金融理财,Sat Aug 04 2018 23:21:05 GMT+0800 (中国标准时间)
小米应用,借钱快手,金融理财,Sat Aug 04 2018 23:21:05 GMT+0800 (中国标准时间)
小米应用,嗨皮贷,金融理财,Sat Aug 04 2018 23:21:05 GMT+0800 (中国标准时间)
小米应用,钱包包,金融理财,Sat Aug 04 2018 23:21:05 GMT+0800 (中国标准时间)
小米应用,宜人贷款-极速借钱,金融理财,Sat Aug 04 2018 23:21:05 GMT+0800 (中国标准时间)
小米应用,钠镁股票,金融理财,Sat Aug 04 2018 23:21:05 GMT+0800 (中国标准时间)
小米应用,微记账,金融理财,Sat Aug 04 2018 23:21:05 GMT+0800 (中国标准时间)
小米应用,荷小基,金融理财,Sat Aug 04 2018 23:21:05 GMT+0800 (中国标准时间)
小米应用,小也云贷,金融理财,Sat Aug 04 2018 23:21:05 GMT+0800 (中国标准时间)
小米应用,战国志,战争策略,Sat Aug 04 2018 23:21:06 GMT+0800 (中国标准时间)
小米应用,大帝国征服者,战争策略,Sat Aug 04 2018 23:21:06 GMT+0800 (中国标准时间)
小米应用,钢铁巨炮：全球坦克战争,战争策略,Sat Aug 04 2018 23:21:06 GMT+0800 (中国标准时间)
小米应用,英雄三国志,战争策略,Sat Aug 04 2018 23:21:06 GMT+0800 (中国标准时间)
小米应用,乱舞江山,战争策略,Sat Aug 04 2018 23:21:06 GMT+0800 (中国标准时间)
小米应用,方块坦克大战2,战争策略,Sat Aug 04 2018 23:21:06 GMT+0800 (中国标准时间)
小米应用,像素工厂,战争策略,Sat Aug 04 2018 23:21:06 GMT+0800 (中国标准时间)
小米应用,割据天下-登录送神将,战争策略,Sat Aug 04 2018 23:21:06 GMT+0800 (中国标准时间)
小米应用,植物大战僵尸攻略,战争策略,Sat Aug 04 2018 23:21:06 GMT+0800 (中国标准时间)
小米应用,阿瓦隆之王-国王战开启,战争策略,Sat Aug 04 2018 23:21:06 GMT+0800 (中国标准时间)
小米应用,三国世界-策略手游,战争策略,Sat Aug 04 2018 23:21:06 GMT+0800 (中国标准时间)
小米应用,史前埃及,战争策略,Sat Aug 04 2018 23:21:06 GMT+0800 (中国标准时间)
小米应用,三国帮,战争策略,Sat Aug 04 2018 23:21:06 GMT+0800 (中国标准时间)
小米应用,飞机战争,战争策略,Sat Aug 04 2018 23:21:06 GMT+0800 (中国标准时间)
小米应用,三国罗曼史,战争策略,Sat Aug 04 2018 23:21:06 GMT+0800 (中国标准时间)
小米应用,小小三国2,战争策略,Sat Aug 04 2018 23:21:06 GMT+0800 (中国标准时间)
小米应用,帝国战役-帝国重现,战争策略,Sat Aug 04 2018 23:21:06 GMT+0800 (中国标准时间)
小米应用,汉王纷争,战争策略,Sat Aug 04 2018 23:21:06 GMT+0800 (中国标准时间)
小米应用,汤姆猫战营,战争策略,Sat Aug 04 2018 23:21:06 GMT+0800 (中国标准时间)
小米应用,风云诸侯-三国强化版,战争策略,Sat Aug 04 2018 23:21:06 GMT+0800 (中国标准时间)
小米应用,魔法门之英雄无敌：战争纪元,战争策略,Sat Aug 04 2018 23:21:06 GMT+0800 (中国标准时间)
小米应用,卧龙吟-三国策略,战争策略,Sat Aug 04 2018 23:21:06 GMT+0800 (中国标准时间)
小米应用,战就战,战争策略,Sat Aug 04 2018 23:21:06 GMT+0800 (中国标准时间)
小米应用,战争时刻,战争策略,Sat Aug 04 2018 23:21:06 GMT+0800 (中国标准时间)
小米应用,迷你方块世界,战争策略,Sat Aug 04 2018 23:21:06 GMT+0800 (中国标准时间)
小米应用,乱世王者,战争策略,Sat Aug 04 2018 23:21:06 GMT+0800 (中国标准时间)
小米应用,暴走三国,战争策略,Sat Aug 04 2018 23:21:06 GMT+0800 (中国标准时间)
小米应用,末日堡垒,战争策略,Sat Aug 04 2018 23:21:06 GMT+0800 (中国标准时间)
小米应用,战舰帝国-蛟龙出海,战争策略,Sat Aug 04 2018 23:21:06 GMT+0800 (中国标准时间)
小米应用,帝国史诗-列王纷争,战争策略,Sat Aug 04 2018 23:21:06 GMT+0800 (中国标准时间)
小米应用,绝地求生：刺激战场,动作枪战,Sat Aug 04 2018 23:21:06 GMT+0800 (中国标准时间)
小米应用,美云的洞穴3,动作枪战,Sat Aug 04 2018 23:21:06 GMT+0800 (中国标准时间)
小米应用,火柴蜘蛛侠枪战英雄,动作枪战,Sat Aug 04 2018 23:21:06 GMT+0800 (中国标准时间)
小米应用,美云的洞穴2,动作枪战,Sat Aug 04 2018 23:21:06 GMT+0800 (中国标准时间)
小米应用,超级射击：红热,动作枪战,Sat Aug 04 2018 23:21:06 GMT+0800 (中国标准时间)
小米应用,像素吃鸡,动作枪战,Sat Aug 04 2018 23:21:06 GMT+0800 (中国标准时间)
小米应用,生存森林,动作枪战,Sat Aug 04 2018 23:21:06 GMT+0800 (中国标准时间)
小米应用,一号军团,动作枪战,Sat Aug 04 2018 23:21:06 GMT+0800 (中国标准时间)
小米应用,恐龙战斗模拟,动作枪战,Sat Aug 04 2018 23:21:06 GMT+0800 (中国标准时间)
小米应用,元气骑士,动作枪战,Sat Aug 04 2018 23:21:06 GMT+0800 (中国标准时间)
小米应用,梦想三国之勇往直击,动作枪战,Sat Aug 04 2018 23:21:06 GMT+0800 (中国标准时间)
小米应用,美云的洞穴4,动作枪战,Sat Aug 04 2018 23:21:06 GMT+0800 (中国标准时间)
小米应用,单机游戏恐龙格斗,动作枪战,Sat Aug 04 2018 23:21:06 GMT+0800 (中国标准时间)
小米应用,经典超级战士,动作枪战,Sat Aug 04 2018 23:21:06 GMT+0800 (中国标准时间)
小米应用,火柴人绳索英雄2,动作枪战,Sat Aug 04 2018 23:21:06 GMT+0800 (中国标准时间)
小米应用,大冒险：卢克英雄3,动作枪战,Sat Aug 04 2018 23:21:06 GMT+0800 (中国标准时间)
小米应用,火线精英-夏日狂欢,动作枪战,Sat Aug 04 2018 23:21:06 GMT+0800 (中国标准时间)
小米应用,火柴蜘蛛侠英雄2,动作枪战,Sat Aug 04 2018 23:21:06 GMT+0800 (中国标准时间)
小米应用,飞鱼王子冒险之旅,动作枪战,Sat Aug 04 2018 23:21:06 GMT+0800 (中国标准时间)
小米应用,反恐突袭,动作枪战,Sat Aug 04 2018 23:21:06 GMT+0800 (中国标准时间)
小米应用,幽灵丛林,动作枪战,Sat Aug 04 2018 23:21:06 GMT+0800 (中国标准时间)
小米应用,方舟：生存进化 国际版,动作枪战,Sat Aug 04 2018 23:21:06 GMT+0800 (中国标准时间)
小米应用,荒野动物狩猎,动作枪战,Sat Aug 04 2018 23:21:06 GMT+0800 (中国标准时间)
小米应用,狙击手行动,动作枪战,Sat Aug 04 2018 23:21:06 GMT+0800 (中国标准时间)
小米应用,绳索英雄2,动作枪战,Sat Aug 04 2018 23:21:06 GMT+0800 (中国标准时间)
小米应用,迈阿密猎车模拟,动作枪战,Sat Aug 04 2018 23:21:06 GMT+0800 (中国标准时间)
小米应用,火影机器人,动作枪战,Sat Aug 04 2018 23:21:06 GMT+0800 (中国标准时间)
小米应用,怪物冲击,动作枪战,Sat Aug 04 2018 23:21:06 GMT+0800 (中国标准时间)
小米应用,寻宝冒险2,动作枪战,Sat Aug 04 2018 23:21:06 GMT+0800 (中国标准时间)
小米应用,蜘蛛侠：终极之战,动作枪战,Sat Aug 04 2018 23:21:06 GMT+0800 (中国标准时间)
小米应用,极风赛车,赛车体育,Sat Aug 04 2018 23:21:07 GMT+0800 (中国标准时间)
小米应用,暴力冲撞,赛车体育,Sat Aug 04 2018 23:21:07 GMT+0800 (中国标准时间)
小米应用,火柴人越狱,赛车体育,Sat Aug 04 2018 23:21:07 GMT+0800 (中国标准时间)
小米应用,欢乐摩托车特技赛,赛车体育,Sat Aug 04 2018 23:21:07 GMT+0800 (中国标准时间)
小米应用,欧洲卡车司机2018,赛车体育,Sat Aug 04 2018 23:21:07 GMT+0800 (中国标准时间)
小米应用,猪猪侠之摩托勇者,赛车体育,Sat Aug 04 2018 23:21:07 GMT+0800 (中国标准时间)
小米应用,指尖篮球,赛车体育,Sat Aug 04 2018 23:21:07 GMT+0800 (中国标准时间)
小米应用,拯救电线杆,赛车体育,Sat Aug 04 2018 23:21:07 GMT+0800 (中国标准时间)
小米应用,街机台球大师-斯诺克桌球,赛车体育,Sat Aug 04 2018 23:21:07 GMT+0800 (中国标准时间)
小米应用,火车摩托特技,赛车体育,Sat Aug 04 2018 23:21:07 GMT+0800 (中国标准时间)
小米应用,街机篮球,赛车体育,Sat Aug 04 2018 23:21:07 GMT+0800 (中国标准时间)
小米应用,粉碎漂移,赛车体育,Sat Aug 04 2018 23:21:07 GMT+0800 (中国标准时间)
小米应用,交通比赛,赛车体育,Sat Aug 04 2018 23:21:07 GMT+0800 (中国标准时间)
小米应用,狂飙地带：日本,赛车体育,Sat Aug 04 2018 23:21:07 GMT+0800 (中国标准时间)
小米应用,赛车,赛车体育,Sat Aug 04 2018 23:21:07 GMT+0800 (中国标准时间)
小米应用,NBA LIVE,赛车体育,Sat Aug 04 2018 23:21:07 GMT+0800 (中国标准时间)
小米应用,全民开飞机,赛车体育,Sat Aug 04 2018 23:21:07 GMT+0800 (中国标准时间)
小米应用,跑枪运动,赛车体育,Sat Aug 04 2018 23:21:07 GMT+0800 (中国标准时间)
小米应用,冠军中超OL,赛车体育,Sat Aug 04 2018 23:21:07 GMT+0800 (中国标准时间)
小米应用,斗龙战士3极速狂飙,赛车体育,Sat Aug 04 2018 23:21:07 GMT+0800 (中国标准时间)
小米应用,激斗赛车,赛车体育,Sat Aug 04 2018 23:21:07 GMT+0800 (中国标准时间)
小米应用,至尊观光巴士2016,赛车体育,Sat Aug 04 2018 23:21:07 GMT+0800 (中国标准时间)
小米应用,E30M3漂移模拟器,赛车体育,Sat Aug 04 2018 23:21:07 GMT+0800 (中国标准时间)
小米应用,开心超人车神宝贝,赛车体育,Sat Aug 04 2018 23:21:07 GMT+0800 (中国标准时间)
小米应用,足球英雄,赛车体育,Sat Aug 04 2018 23:21:07 GMT+0800 (中国标准时间)
小米应用,越野革命,赛车体育,Sat Aug 04 2018 23:21:07 GMT+0800 (中国标准时间)
小米应用,地铁驾驶模拟3D,赛车体育,Sat Aug 04 2018 23:21:07 GMT+0800 (中国标准时间)
小米应用,热血足球,赛车体育,Sat Aug 04 2018 23:21:07 GMT+0800 (中国标准时间)
小米应用,自行车特技赛2018,赛车体育,Sat Aug 04 2018 23:21:07 GMT+0800 (中国标准时间)
小米应用,极速漂移,赛车体育,Sat Aug 04 2018 23:21:07 GMT+0800 (中国标准时间)
小米应用,传奇召唤师,网游RPG,Sat Aug 04 2018 23:21:07 GMT+0800 (中国标准时间)
小米应用,热血弑神-梦幻奇缘,网游RPG,Sat Aug 04 2018 23:21:07 GMT+0800 (中国标准时间)
小米应用,魔与道,网游RPG,Sat Aug 04 2018 23:21:07 GMT+0800 (中国标准时间)
小米应用,猎魂觉醒,网游RPG,Sat Aug 04 2018 23:21:07 GMT+0800 (中国标准时间)
小米应用,西游纪-封妖挖宝,网游RPG,Sat Aug 04 2018 23:21:07 GMT+0800 (中国标准时间)
小米应用,暗黑魔神-私服游戏,网游RPG,Sat Aug 04 2018 23:21:07 GMT+0800 (中国标准时间)
小米应用,神魔变-强力爆装,网游RPG,Sat Aug 04 2018 23:21:07 GMT+0800 (中国标准时间)
小米应用,御龙弑天-恋爱仙侠,网游RPG,Sat Aug 04 2018 23:21:07 GMT+0800 (中国标准时间)
小米应用,契约战记,网游RPG,Sat Aug 04 2018 23:21:07 GMT+0800 (中国标准时间)
小米应用,大掌门2,网游RPG,Sat Aug 04 2018 23:21:07 GMT+0800 (中国标准时间)
小米应用,仙魔圣域-问道仙侠,网游RPG,Sat Aug 04 2018 23:21:07 GMT+0800 (中国标准时间)
小米应用,王者永恒,网游RPG,Sat Aug 04 2018 23:21:07 GMT+0800 (中国标准时间)
小米应用,武林外传,网游RPG,Sat Aug 04 2018 23:21:07 GMT+0800 (中国标准时间)
小米应用,水浒Q传-凌云九天,网游RPG,Sat Aug 04 2018 23:21:07 GMT+0800 (中国标准时间)
小米应用,仙凡幻想-决战白玉京,网游RPG,Sat Aug 04 2018 23:21:07 GMT+0800 (中国标准时间)
小米应用,雄霸天下-传奇,网游RPG,Sat Aug 04 2018 23:21:07 GMT+0800 (中国标准时间)
小米应用,霸刀战神,网游RPG,Sat Aug 04 2018 23:21:07 GMT+0800 (中国标准时间)
小米应用,倚天屠龙记,网游RPG,Sat Aug 04 2018 23:21:07 GMT+0800 (中国标准时间)
小米应用,射雕英雄传3D,网游RPG,Sat Aug 04 2018 23:21:07 GMT+0800 (中国标准时间)
小米应用,暮影战神-修仙手游,网游RPG,Sat Aug 04 2018 23:21:07 GMT+0800 (中国标准时间)
小米应用,众神王座,网游RPG,Sat Aug 04 2018 23:21:07 GMT+0800 (中国标准时间)
小米应用,第四纪元,网游RPG,Sat Aug 04 2018 23:21:07 GMT+0800 (中国标准时间)
小米应用,修仙OL-结婚双修,网游RPG,Sat Aug 04 2018 23:21:07 GMT+0800 (中国标准时间)
小米应用,三国如龙传,网游RPG,Sat Aug 04 2018 23:21:07 GMT+0800 (中国标准时间)
小米应用,时空召唤-S10赛季,网游RPG,Sat Aug 04 2018 23:21:07 GMT+0800 (中国标准时间)
小米应用,王者荣耀,网游RPG,Sat Aug 04 2018 23:21:07 GMT+0800 (中国标准时间)
小米应用,传说大陆,网游RPG,Sat Aug 04 2018 23:21:07 GMT+0800 (中国标准时间)
小米应用,流浪侠客-金庸群侠传,网游RPG,Sat Aug 04 2018 23:21:07 GMT+0800 (中国标准时间)
小米应用,最传奇,网游RPG,Sat Aug 04 2018 23:21:07 GMT+0800 (中国标准时间)
小米应用,华夏征途,网游RPG,Sat Aug 04 2018 23:21:07 GMT+0800 (中国标准时间)
小米应用,微乐捉鸡麻将,棋牌桌游,Sat Aug 04 2018 23:21:07 GMT+0800 (中国标准时间)
小米应用,微乐广东麻将,棋牌桌游,Sat Aug 04 2018 23:21:07 GMT+0800 (中国标准时间)
小米应用,微乐河南麻将,棋牌桌游,Sat Aug 04 2018 23:21:07 GMT+0800 (中国标准时间)
小米应用,鱼丸游戏,棋牌桌游,Sat Aug 04 2018 23:21:07 GMT+0800 (中国标准时间)
小米应用,微乐湖南麻将,棋牌桌游,Sat Aug 04 2018 23:21:07 GMT+0800 (中国标准时间)
小米应用,趣升级,棋牌桌游,Sat Aug 04 2018 23:21:07 GMT+0800 (中国标准时间)
小米应用,群友斗地主,棋牌桌游,Sat Aug 04 2018 23:21:07 GMT+0800 (中国标准时间)
小米应用,斗地主白金岛-全民二打一,棋牌桌游,Sat Aug 04 2018 23:21:07 GMT+0800 (中国标准时间)
小米应用,微乐卡五星,棋牌桌游,Sat Aug 04 2018 23:21:07 GMT+0800 (中国标准时间)
小米应用,手心斗地主,棋牌桌游,Sat Aug 04 2018 23:21:07 GMT+0800 (中国标准时间)
小米应用,爽爽贵阳捉鸡麻将,棋牌桌游,Sat Aug 04 2018 23:21:07 GMT+0800 (中国标准时间)
小米应用,麻将来了,棋牌桌游,Sat Aug 04 2018 23:21:07 GMT+0800 (中国标准时间)
小米应用,大王斗地主,棋牌桌游,Sat Aug 04 2018 23:21:07 GMT+0800 (中国标准时间)
小米应用,微乐安徽麻将,棋牌桌游,Sat Aug 04 2018 23:21:07 GMT+0800 (中国标准时间)
小米应用,欢乐人人斗地主,棋牌桌游,Sat Aug 04 2018 23:21:07 GMT+0800 (中国标准时间)
小米应用,欢乐四川麻将3D版,棋牌桌游,Sat Aug 04 2018 23:21:07 GMT+0800 (中国标准时间)
小米应用,微乐海南麻将,棋牌桌游,Sat Aug 04 2018 23:21:07 GMT+0800 (中国标准时间)
小米应用,飞飞斗地主-欢乐抢红包,棋牌桌游,Sat Aug 04 2018 23:21:07 GMT+0800 (中国标准时间)
小米应用,闪闪跑胡子-跑胡子字牌,棋牌桌游,Sat Aug 04 2018 23:21:07 GMT+0800 (中国标准时间)
小米应用,开心麻将,棋牌桌游,Sat Aug 04 2018 23:21:07 GMT+0800 (中国标准时间)
小米应用,掼蛋,棋牌桌游,Sat Aug 04 2018 23:21:07 GMT+0800 (中国标准时间)
小米应用,真人单机斗地主,棋牌桌游,Sat Aug 04 2018 23:21:07 GMT+0800 (中国标准时间)
小米应用,神手麻将,棋牌桌游,Sat Aug 04 2018 23:21:07 GMT+0800 (中国标准时间)
小米应用,快乐麻将,棋牌桌游,Sat Aug 04 2018 23:21:07 GMT+0800 (中国标准时间)
小米应用,乐扑斗地主,棋牌桌游,Sat Aug 04 2018 23:21:07 GMT+0800 (中国标准时间)
小米应用,微乐北京麻将,棋牌桌游,Sat Aug 04 2018 23:21:07 GMT+0800 (中国标准时间)
小米应用,快乐麻将比赛,棋牌桌游,Sat Aug 04 2018 23:21:07 GMT+0800 (中国标准时间)
小米应用,街机在线捕鱼,棋牌桌游,Sat Aug 04 2018 23:21:07 GMT+0800 (中国标准时间)
小米应用,欢乐万人麻将,棋牌桌游,Sat Aug 04 2018 23:21:07 GMT+0800 (中国标准时间)
小米应用,欢乐麻将-升级版,棋牌桌游,Sat Aug 04 2018 23:21:07 GMT+0800 (中国标准时间)
小米应用,全民斩仙2,游戏,Sat Aug 04 2018 23:21:08 GMT+0800 (中国标准时间)
小米应用,开罗拉面店,游戏,Sat Aug 04 2018 23:21:08 GMT+0800 (中国标准时间)
小米应用,球球跳塔,游戏,Sat Aug 04 2018 23:21:08 GMT+0800 (中国标准时间)
小米应用,叠塔大师,游戏,Sat Aug 04 2018 23:21:08 GMT+0800 (中国标准时间)
小米应用,箱庭铁道物语,游戏,Sat Aug 04 2018 23:21:08 GMT+0800 (中国标准时间)
小米应用,赛马牧场物语,游戏,Sat Aug 04 2018 23:21:08 GMT+0800 (中国标准时间)
小米应用,海鲜寿司物语,游戏,Sat Aug 04 2018 23:21:08 GMT+0800 (中国标准时间)
小米应用,痛扁小偷,游戏,Sat Aug 04 2018 23:21:08 GMT+0800 (中国标准时间)
小米应用,飞机大战,游戏,Sat Aug 04 2018 23:21:08 GMT+0800 (中国标准时间)
小米应用,问道-喜来客栈,游戏,Sat Aug 04 2018 23:21:08 GMT+0800 (中国标准时间)
小米应用,百万乐曲物语,游戏,Sat Aug 04 2018 23:21:08 GMT+0800 (中国标准时间)
小米应用,小怪物必须死,游戏,Sat Aug 04 2018 23:21:08 GMT+0800 (中国标准时间)
小米应用,口袋学院物语1,游戏,Sat Aug 04 2018 23:21:08 GMT+0800 (中国标准时间)
小米应用,贪吃蛇大作战&reg;,游戏,Sat Aug 04 2018 23:21:08 GMT+0800 (中国标准时间)
小米应用,战国美人-送S级赵云,游戏,Sat Aug 04 2018 23:21:08 GMT+0800 (中国标准时间)
小米应用,绝境幸存者,游戏,Sat Aug 04 2018 23:21:08 GMT+0800 (中国标准时间)
小米应用,妈妈把我锁在家里了2,游戏,Sat Aug 04 2018 23:21:08 GMT+0800 (中国标准时间)
小米应用,星之开罗君,游戏,Sat Aug 04 2018 23:21:08 GMT+0800 (中国标准时间)
小米应用,妈妈不让我玩游戏,游戏,Sat Aug 04 2018 23:21:08 GMT+0800 (中国标准时间)
小米应用,欢乐捕鱼达人-街机千炮版,游戏,Sat Aug 04 2018 23:21:08 GMT+0800 (中国标准时间)
小米应用,元素穿梭,游戏,Sat Aug 04 2018 23:21:08 GMT+0800 (中国标准时间)
小米应用,急速飞车终极狂飙,游戏,Sat Aug 04 2018 23:21:08 GMT+0800 (中国标准时间)
小米应用,2048,游戏,Sat Aug 04 2018 23:21:08 GMT+0800 (中国标准时间)
小米应用,进击的赵云,游戏,Sat Aug 04 2018 23:21:08 GMT+0800 (中国标准时间)
小米应用,灵犀出版社物语,游戏,Sat Aug 04 2018 23:21:08 GMT+0800 (中国标准时间)
小米应用,斗罗大陆神界传说,游戏,Sat Aug 04 2018 23:21:08 GMT+0800 (中国标准时间)
小米应用,雷霆空袭,游戏,Sat Aug 04 2018 23:21:08 GMT+0800 (中国标准时间)
小米应用,妈妈把我锁在家里了,游戏,Sat Aug 04 2018 23:21:08 GMT+0800 (中国标准时间)
小米应用,神回避3,游戏,Sat Aug 04 2018 23:21:08 GMT+0800 (中国标准时间)
小米应用,妈妈把我的泡面藏起来了3,游戏,Sat Aug 04 2018 23:21:08 GMT+0800 (中国标准时间)
小米应用,墨迹天气,实用工具,Sat Aug 04 2018 23:21:08 GMT+0800 (中国标准时间)
小米应用,违章查询助手,实用工具,Sat Aug 04 2018 23:21:08 GMT+0800 (中国标准时间)
小米应用,简单搜索,实用工具,Sat Aug 04 2018 23:21:08 GMT+0800 (中国标准时间)
小米应用,猎豹浏览器,实用工具,Sat Aug 04 2018 23:21:08 GMT+0800 (中国标准时间)
小米应用,爱好信,实用工具,Sat Aug 04 2018 23:21:08 GMT+0800 (中国标准时间)
小米应用,任我充,实用工具,Sat Aug 04 2018 23:21:08 GMT+0800 (中国标准时间)
小米应用,餐饮加盟网,实用工具,Sat Aug 04 2018 23:21:08 GMT+0800 (中国标准时间)
小米应用,讯飞输入法,实用工具,Sat Aug 04 2018 23:21:08 GMT+0800 (中国标准时间)
小米应用,查社保&mdash;&mdash;社保,实用工具,Sat Aug 04 2018 23:21:08 GMT+0800 (中国标准时间)
小米应用,UC浏览器,实用工具,Sat Aug 04 2018 23:21:08 GMT+0800 (中国标准时间)
小米应用,快应用,实用工具,Sat Aug 04 2018 23:21:08 GMT+0800 (中国标准时间)
小米应用,亲情守护,实用工具,Sat Aug 04 2018 23:21:08 GMT+0800 (中国标准时间)
小米应用,缤分,实用工具,Sat Aug 04 2018 23:21:08 GMT+0800 (中国标准时间)
小米应用,拇指钱包,实用工具,Sat Aug 04 2018 23:21:08 GMT+0800 (中国标准时间)
小米应用,三峡创谷,实用工具,Sat Aug 04 2018 23:21:08 GMT+0800 (中国标准时间)
小米应用,手机加速清理助手,实用工具,Sat Aug 04 2018 23:21:08 GMT+0800 (中国标准时间)
小米应用,攻城车车主版,实用工具,Sat Aug 04 2018 23:21:08 GMT+0800 (中国标准时间)
小米应用,豆豆指南针,实用工具,Sat Aug 04 2018 23:21:08 GMT+0800 (中国标准时间)
小米应用,豆豆闹钟,实用工具,Sat Aug 04 2018 23:21:08 GMT+0800 (中国标准时间)
小米应用,小谷服务端,实用工具,Sat Aug 04 2018 23:21:08 GMT+0800 (中国标准时间)
小米应用,极蜂对讲,实用工具,Sat Aug 04 2018 23:21:08 GMT+0800 (中国标准时间)
小米应用,菜鸟裹裹,实用工具,Sat Aug 04 2018 23:21:08 GMT+0800 (中国标准时间)
小米应用,豆豆计算器,实用工具,Sat Aug 04 2018 23:21:08 GMT+0800 (中国标准时间)
小米应用,玛雅日历,实用工具,Sat Aug 04 2018 23:21:08 GMT+0800 (中国标准时间)
小米应用,索罗门,实用工具,Sat Aug 04 2018 23:21:08 GMT+0800 (中国标准时间)
小米应用,豆豆手电筒,实用工具,Sat Aug 04 2018 23:21:08 GMT+0800 (中国标准时间)
小米应用,每日计步器,实用工具,Sat Aug 04 2018 23:21:08 GMT+0800 (中国标准时间)
小米应用,游戏超人,实用工具,Sat Aug 04 2018 23:21:08 GMT+0800 (中国标准时间)
小米应用,零点手电筒,实用工具,Sat Aug 04 2018 23:21:08 GMT+0800 (中国标准时间)
小米应用,美呦,实用工具,Sat Aug 04 2018 23:21:08 GMT+0800 (中国标准时间)
小米应用,中国蓝TV,影音视听,Sat Aug 04 2018 23:21:09 GMT+0800 (中国标准时间)
小米应用,网易云音乐,影音视听,Sat Aug 04 2018 23:21:09 GMT+0800 (中国标准时间)
小米应用,飞幕,影音视听,Sat Aug 04 2018 23:21:09 GMT+0800 (中国标准时间)
小米应用,映客直播,影音视听,Sat Aug 04 2018 23:21:09 GMT+0800 (中国标准时间)
小米应用,天翼视讯,影音视听,Sat Aug 04 2018 23:21:09 GMT+0800 (中国标准时间)
小米应用,Ins,影音视听,Sat Aug 04 2018 23:21:09 GMT+0800 (中国标准时间)
小米应用,花椒直播-视频交友,影音视听,Sat Aug 04 2018 23:21:09 GMT+0800 (中国标准时间)
小米应用,湖南教育台,影音视听,Sat Aug 04 2018 23:21:09 GMT+0800 (中国标准时间)
小米应用,爱奇艺,影音视听,Sat Aug 04 2018 23:21:09 GMT+0800 (中国标准时间)
小米应用,熊猫直播,影音视听,Sat Aug 04 2018 23:21:09 GMT+0800 (中国标准时间)
小米应用,酷来电,影音视听,Sat Aug 04 2018 23:21:09 GMT+0800 (中国标准时间)
小米应用,打击垫,影音视听,Sat Aug 04 2018 23:21:09 GMT+0800 (中国标准时间)
小米应用,电流小视频,影音视听,Sat Aug 04 2018 23:21:09 GMT+0800 (中国标准时间)
小米应用,悦音铃声,影音视听,Sat Aug 04 2018 23:21:09 GMT+0800 (中国标准时间)
小米应用,一说,影音视听,Sat Aug 04 2018 23:21:09 GMT+0800 (中国标准时间)
小米应用,听呗直播-广播电台,影音视听,Sat Aug 04 2018 23:21:09 GMT+0800 (中国标准时间)
小米应用,咪咕音乐,影音视听,Sat Aug 04 2018 23:21:09 GMT+0800 (中国标准时间)
小米应用,火山极速版,影音视听,Sat Aug 04 2018 23:21:09 GMT+0800 (中国标准时间)
小米应用,酷音铃声,影音视听,Sat Aug 04 2018 23:21:09 GMT+0800 (中国标准时间)
小米应用,酷我音乐,影音视听,Sat Aug 04 2018 23:21:09 GMT+0800 (中国标准时间)
小米应用,铃声抖抖,影音视听,Sat Aug 04 2018 23:21:09 GMT+0800 (中国标准时间)
小米应用,新片场,影音视听,Sat Aug 04 2018 23:21:09 GMT+0800 (中国标准时间)
小米应用,涛涛小视频,影音视听,Sat Aug 04 2018 23:21:09 GMT+0800 (中国标准时间)
小米应用,虾米音乐,影音视听,Sat Aug 04 2018 23:21:09 GMT+0800 (中国标准时间)
小米应用,乐趣,影音视听,Sat Aug 04 2018 23:21:09 GMT+0800 (中国标准时间)
小米应用,开眼 Eyepetizer,影音视听,Sat Aug 04 2018 23:21:09 GMT+0800 (中国标准时间)
小米应用,百乐萌,影音视听,Sat Aug 04 2018 23:21:09 GMT+0800 (中国标准时间)
小米应用,追综,影音视听,Sat Aug 04 2018 23:21:09 GMT+0800 (中国标准时间)
小米应用,央视综艺春晚,影音视听,Sat Aug 04 2018 23:21:09 GMT+0800 (中国标准时间)
小米应用,好看视频,影音视听,Sat Aug 04 2018 23:21:09 GMT+0800 (中国标准时间)
小米应用,MyBay,聊天社交,Sat Aug 04 2018 23:21:09 GMT+0800 (中国标准时间)
小米应用,探探,聊天社交,Sat Aug 04 2018 23:21:09 GMT+0800 (中国标准时间)
小米应用,Own日记-拥抱真实的自己,聊天社交,Sat Aug 04 2018 23:21:09 GMT+0800 (中国标准时间)
小米应用,币车,聊天社交,Sat Aug 04 2018 23:21:09 GMT+0800 (中国标准时间)
小米应用,泡泡水族,聊天社交,Sat Aug 04 2018 23:21:09 GMT+0800 (中国标准时间)
小米应用,肥书Fatbook,聊天社交,Sat Aug 04 2018 23:21:09 GMT+0800 (中国标准时间)
小米应用,微博极速版,聊天社交,Sat Aug 04 2018 23:21:09 GMT+0800 (中国标准时间)
小米应用,尔闻,聊天社交,Sat Aug 04 2018 23:21:09 GMT+0800 (中国标准时间)
小米应用,密播交友同城约会,聊天社交,Sat Aug 04 2018 23:21:09 GMT+0800 (中国标准时间)
小米应用,流星狗,聊天社交,Sat Aug 04 2018 23:21:09 GMT+0800 (中国标准时间)
小米应用,情侣空间,聊天社交,Sat Aug 04 2018 23:21:09 GMT+0800 (中国标准时间)
小米应用,搜鸽,聊天社交,Sat Aug 04 2018 23:21:09 GMT+0800 (中国标准时间)
小米应用,拱拱,聊天社交,Sat Aug 04 2018 23:21:09 GMT+0800 (中国标准时间)
小米应用,新漂流瓶,聊天社交,Sat Aug 04 2018 23:21:09 GMT+0800 (中国标准时间)
小米应用,香蕉说,聊天社交,Sat Aug 04 2018 23:21:09 GMT+0800 (中国标准时间)
小米应用,海抱小游戏,聊天社交,Sat Aug 04 2018 23:21:09 GMT+0800 (中国标准时间)
小米应用,松果倾诉,聊天社交,Sat Aug 04 2018 23:21:09 GMT+0800 (中国标准时间)
小米应用,云通讯录,聊天社交,Sat Aug 04 2018 23:21:09 GMT+0800 (中国标准时间)
小米应用,养鸟人,聊天社交,Sat Aug 04 2018 23:21:09 GMT+0800 (中国标准时间)
小米应用,能答,聊天社交,Sat Aug 04 2018 23:21:09 GMT+0800 (中国标准时间)
小米应用,猎游游戏陪玩,聊天社交,Sat Aug 04 2018 23:21:09 GMT+0800 (中国标准时间)
小米应用,玩吧,聊天社交,Sat Aug 04 2018 23:21:09 GMT+0800 (中国标准时间)
小米应用,大家坛,聊天社交,Sat Aug 04 2018 23:21:09 GMT+0800 (中国标准时间)
小米应用,约宝宝,聊天社交,Sat Aug 04 2018 23:21:09 GMT+0800 (中国标准时间)
小米应用,平行世界,聊天社交,Sat Aug 04 2018 23:21:09 GMT+0800 (中国标准时间)
小米应用,口袋小安,聊天社交,Sat Aug 04 2018 23:21:09 GMT+0800 (中国标准时间)
小米应用,延安政务服务,聊天社交,Sat Aug 04 2018 23:21:09 GMT+0800 (中国标准时间)
小米应用,智大师,聊天社交,Sat Aug 04 2018 23:21:09 GMT+0800 (中国标准时间)
小米应用,安建小易,聊天社交,Sat Aug 04 2018 23:21:09 GMT+0800 (中国标准时间)
小米应用,微合师,聊天社交,Sat Aug 04 2018 23:21:09 GMT+0800 (中国标准时间)
小米应用,腾讯动漫,图书阅读,Sat Aug 04 2018 23:21:10 GMT+0800 (中国标准时间)
小米应用,塔读文学,图书阅读,Sat Aug 04 2018 23:21:10 GMT+0800 (中国标准时间)
小米应用,免费小说阅读大全,图书阅读,Sat Aug 04 2018 23:21:10 GMT+0800 (中国标准时间)
小米应用,百度阅读,图书阅读,Sat Aug 04 2018 23:21:10 GMT+0800 (中国标准时间)
小米应用,网易蜗牛读书,图书阅读,Sat Aug 04 2018 23:21:10 GMT+0800 (中国标准时间)
小米应用,二次元漫画动漫社,图书阅读,Sat Aug 04 2018 23:21:10 GMT+0800 (中国标准时间)
小米应用,小说免费大全,图书阅读,Sat Aug 04 2018 23:21:10 GMT+0800 (中国标准时间)
小米应用,阅读,图书阅读,Sat Aug 04 2018 23:21:10 GMT+0800 (中国标准时间)
小米应用,赏阅读书,图书阅读,Sat Aug 04 2018 23:21:10 GMT+0800 (中国标准时间)
小米应用,网易漫画,图书阅读,Sat Aug 04 2018 23:21:10 GMT+0800 (中国标准时间)
小米应用,移动图书馆,图书阅读,Sat Aug 04 2018 23:21:10 GMT+0800 (中国标准时间)
小米应用,极品小说,图书阅读,Sat Aug 04 2018 23:21:10 GMT+0800 (中国标准时间)
小米应用,长佩阅读,图书阅读,Sat Aug 04 2018 23:21:10 GMT+0800 (中国标准时间)
小米应用,微信读书,图书阅读,Sat Aug 04 2018 23:21:10 GMT+0800 (中国标准时间)
小米应用,陌上,图书阅读,Sat Aug 04 2018 23:21:10 GMT+0800 (中国标准时间)
小米应用,起点读书,图书阅读,Sat Aug 04 2018 23:21:10 GMT+0800 (中国标准时间)
小米应用,新浪博客,图书阅读,Sat Aug 04 2018 23:21:10 GMT+0800 (中国标准时间)
小米应用,全本免费热门小说,图书阅读,Sat Aug 04 2018 23:21:10 GMT+0800 (中国标准时间)
小米应用,炫彩小说,图书阅读,Sat Aug 04 2018 23:21:10 GMT+0800 (中国标准时间)
小米应用,豆瓣阅读,图书阅读,Sat Aug 04 2018 23:21:10 GMT+0800 (中国标准时间)
小米应用,TXT免费全本电子书,图书阅读,Sat Aug 04 2018 23:21:10 GMT+0800 (中国标准时间)
小米应用,免费电子书大全,图书阅读,Sat Aug 04 2018 23:21:10 GMT+0800 (中国标准时间)
小米应用,掌读看书,图书阅读,Sat Aug 04 2018 23:21:10 GMT+0800 (中国标准时间)
小米应用,孔夫子旧书网,图书阅读,Sat Aug 04 2018 23:21:10 GMT+0800 (中国标准时间)
小米应用,荣宝斋出版社,图书阅读,Sat Aug 04 2018 23:21:10 GMT+0800 (中国标准时间)
小米应用,咪咕圈圈-漫画动漫,图书阅读,Sat Aug 04 2018 23:21:10 GMT+0800 (中国标准时间)
小米应用,蜻蜓FM,图书阅读,Sat Aug 04 2018 23:21:10 GMT+0800 (中国标准时间)
小米应用,爱阅读,图书阅读,Sat Aug 04 2018 23:21:10 GMT+0800 (中国标准时间)
小米应用,优美时光,图书阅读,Sat Aug 04 2018 23:21:10 GMT+0800 (中国标准时间)
小米应用,TXT免费全本书城,图书阅读,Sat Aug 04 2018 23:21:10 GMT+0800 (中国标准时间)
小米应用,听香,学习教育,Sat Aug 04 2018 23:21:10 GMT+0800 (中国标准时间)
小米应用,公主城堡假日,学习教育,Sat Aug 04 2018 23:21:10 GMT+0800 (中国标准时间)
小米应用,驾考科目一四2018,学习教育,Sat Aug 04 2018 23:21:10 GMT+0800 (中国标准时间)
小米应用,上课去尚德,学习教育,Sat Aug 04 2018 23:21:10 GMT+0800 (中国标准时间)
小米应用,脱口派英语,学习教育,Sat Aug 04 2018 23:21:10 GMT+0800 (中国标准时间)
小米应用,中国大学MOOC,学习教育,Sat Aug 04 2018 23:21:10 GMT+0800 (中国标准时间)
小米应用,铅笔英语,学习教育,Sat Aug 04 2018 23:21:10 GMT+0800 (中国标准时间)
小米应用,新东方优选,学习教育,Sat Aug 04 2018 23:21:10 GMT+0800 (中国标准时间)
小米应用,爱提提高考-辅导,学习教育,Sat Aug 04 2018 23:21:10 GMT+0800 (中国标准时间)
小米应用,导游助考宝,学习教育,Sat Aug 04 2018 23:21:10 GMT+0800 (中国标准时间)
小米应用,学海密探-搜题帮,学习教育,Sat Aug 04 2018 23:21:10 GMT+0800 (中国标准时间)
小米应用,教育通,学习教育,Sat Aug 04 2018 23:21:10 GMT+0800 (中国标准时间)
小米应用,首冠教育,学习教育,Sat Aug 04 2018 23:21:10 GMT+0800 (中国标准时间)
小米应用,基金从业考试,学习教育,Sat Aug 04 2018 23:21:10 GMT+0800 (中国标准时间)
小米应用,会计考试GO,学习教育,Sat Aug 04 2018 23:21:10 GMT+0800 (中国标准时间)
小米应用,PBL临床思维教师端,学习教育,Sat Aug 04 2018 23:21:10 GMT+0800 (中国标准时间)
小米应用,一米阅读,学习教育,Sat Aug 04 2018 23:21:10 GMT+0800 (中国标准时间)
小米应用,宝宝儿童找规律,学习教育,Sat Aug 04 2018 23:21:10 GMT+0800 (中国标准时间)
小米应用,中欧移动商学院,学习教育,Sat Aug 04 2018 23:21:10 GMT+0800 (中国标准时间)
小米应用,米熊,学习教育,Sat Aug 04 2018 23:21:10 GMT+0800 (中国标准时间)
小米应用,超格,学习教育,Sat Aug 04 2018 23:21:10 GMT+0800 (中国标准时间)
小米应用,Papago,学习教育,Sat Aug 04 2018 23:21:10 GMT+0800 (中国标准时间)
小米应用,101贝考,学习教育,Sat Aug 04 2018 23:21:10 GMT+0800 (中国标准时间)
小米应用,作业帮一课-辅导,学习教育,Sat Aug 04 2018 23:21:10 GMT+0800 (中国标准时间)
小米应用,少儿英语,学习教育,Sat Aug 04 2018 23:21:10 GMT+0800 (中国标准时间)
小米应用,一米阅读老师,学习教育,Sat Aug 04 2018 23:21:10 GMT+0800 (中国标准时间)
小米应用,恐龙快乐英语,学习教育,Sat Aug 04 2018 23:21:10 GMT+0800 (中国标准时间)
小米应用,学涯,学习教育,Sat Aug 04 2018 23:21:10 GMT+0800 (中国标准时间)
小米应用,在线学习平台,学习教育,Sat Aug 04 2018 23:21:10 GMT+0800 (中国标准时间)
小米应用,火花思维,学习教育,Sat Aug 04 2018 23:21:10 GMT+0800 (中国标准时间)
小米应用,XMind,效率办公,Sat Aug 04 2018 23:21:11 GMT+0800 (中国标准时间)
小米应用,水产守望者,效率办公,Sat Aug 04 2018 23:21:11 GMT+0800 (中国标准时间)
小米应用,e亲宝贝教师端,效率办公,Sat Aug 04 2018 23:21:11 GMT+0800 (中国标准时间)
小米应用,58车商通,效率办公,Sat Aug 04 2018 23:21:11 GMT+0800 (中国标准时间)
小米应用,京东小易,效率办公,Sat Aug 04 2018 23:21:11 GMT+0800 (中国标准时间)
小米应用,船运帮,效率办公,Sat Aug 04 2018 23:21:11 GMT+0800 (中国标准时间)
小米应用,ServiceOne,效率办公,Sat Aug 04 2018 23:21:11 GMT+0800 (中国标准时间)
小米应用,云筑智联,效率办公,Sat Aug 04 2018 23:21:11 GMT+0800 (中国标准时间)
小米应用,58商家通,效率办公,Sat Aug 04 2018 23:21:11 GMT+0800 (中国标准时间)
小米应用,打卡助手,效率办公,Sat Aug 04 2018 23:21:11 GMT+0800 (中国标准时间)
小米应用,爱房旺客,效率办公,Sat Aug 04 2018 23:21:11 GMT+0800 (中国标准时间)
小米应用,方行,效率办公,Sat Aug 04 2018 23:21:11 GMT+0800 (中国标准时间)
小米应用,供零在线,效率办公,Sat Aug 04 2018 23:21:11 GMT+0800 (中国标准时间)
小米应用,船运帮货主,效率办公,Sat Aug 04 2018 23:21:11 GMT+0800 (中国标准时间)
小米应用,简笔记,效率办公,Sat Aug 04 2018 23:21:11 GMT+0800 (中国标准时间)
小米应用,影楼掌柜,效率办公,Sat Aug 04 2018 23:21:11 GMT+0800 (中国标准时间)
小米应用,多乐街商户版,时尚购物,Sat Aug 04 2018 23:21:11 GMT+0800 (中国标准时间)
小米应用,大象,效率办公,Sat Aug 04 2018 23:21:11 GMT+0800 (中国标准时间)
小米应用,科税通,效率办公,Sat Aug 04 2018 23:21:11 GMT+0800 (中国标准时间)
小米应用,今日招标,效率办公,Sat Aug 04 2018 23:21:11 GMT+0800 (中国标准时间)
小米应用,潮租衣,时尚购物,Sat Aug 04 2018 23:21:11 GMT+0800 (中国标准时间)
小米应用,GK扫描仪,效率办公,Sat Aug 04 2018 23:21:11 GMT+0800 (中国标准时间)
小米应用,Distrii 办伴,效率办公,Sat Aug 04 2018 23:21:11 GMT+0800 (中国标准时间)
小米应用,腾讯微云,效率办公,Sat Aug 04 2018 23:21:11 GMT+0800 (中国标准时间)
小米应用,菜城配送,时尚购物,Sat Aug 04 2018 23:21:11 GMT+0800 (中国标准时间)
小米应用,浅言-日记手帐交友,效率办公,Sat Aug 04 2018 23:21:11 GMT+0800 (中国标准时间)
小米应用,九福商城,时尚购物,Sat Aug 04 2018 23:21:11 GMT+0800 (中国标准时间)
小米应用,雅布力,时尚购物,Sat Aug 04 2018 23:21:11 GMT+0800 (中国标准时间)
小米应用,e批生鲜,时尚购物,Sat Aug 04 2018 23:21:11 GMT+0800 (中国标准时间)
小米应用,焦点淘金,时尚购物,Sat Aug 04 2018 23:21:11 GMT+0800 (中国标准时间)
小米应用,万选通,效率办公,Sat Aug 04 2018 23:21:11 GMT+0800 (中国标准时间)
小米应用,樱桃会赚,时尚购物,Sat Aug 04 2018 23:21:11 GMT+0800 (中国标准时间)
小米应用,移动经纪人,效率办公,Sat Aug 04 2018 23:21:11 GMT+0800 (中国标准时间)
小米应用,彩易软件,效率办公,Sat Aug 04 2018 23:21:11 GMT+0800 (中国标准时间)
小米应用,日记本-日记日记本,效率办公,Sat Aug 04 2018 23:21:11 GMT+0800 (中国标准时间)
小米应用,虎宝再生,时尚购物,Sat Aug 04 2018 23:21:11 GMT+0800 (中国标准时间)
小米应用,To-Do,效率办公,Sat Aug 04 2018 23:21:11 GMT+0800 (中国标准时间)
小米应用,老克开锁,效率办公,Sat Aug 04 2018 23:21:11 GMT+0800 (中国标准时间)
小米应用,仙涵商城,时尚购物,Sat Aug 04 2018 23:21:11 GMT+0800 (中国标准时间)
小米应用,茅台酱酒商城,时尚购物,Sat Aug 04 2018 23:21:11 GMT+0800 (中国标准时间)
小米应用,高返联盟,时尚购物,Sat Aug 04 2018 23:21:11 GMT+0800 (中国标准时间)
小米应用,网易严选,时尚购物,Sat Aug 04 2018 23:21:11 GMT+0800 (中国标准时间)
小米应用,千米,时尚购物,Sat Aug 04 2018 23:21:11 GMT+0800 (中国标准时间)
小米应用,嗨快报,效率办公,Sat Aug 04 2018 23:21:11 GMT+0800 (中国标准时间)
小米应用,只二,时尚购物,Sat Aug 04 2018 23:21:11 GMT+0800 (中国标准时间)
小米应用,回收宝,时尚购物,Sat Aug 04 2018 23:21:11 GMT+0800 (中国标准时间)
小米应用,衣邦人,时尚购物,Sat Aug 04 2018 23:21:11 GMT+0800 (中国标准时间)
小米应用,开美,时尚购物,Sat Aug 04 2018 23:21:11 GMT+0800 (中国标准时间)
小米应用,汉薇商城,时尚购物,Sat Aug 04 2018 23:21:11 GMT+0800 (中国标准时间)
小米应用,天上星球,时尚购物,Sat Aug 04 2018 23:21:11 GMT+0800 (中国标准时间)
小米应用,有匠,时尚购物,Sat Aug 04 2018 23:21:11 GMT+0800 (中国标准时间)
小米应用,Rosewin鲜花,时尚购物,Sat Aug 04 2018 23:21:11 GMT+0800 (中国标准时间)
小米应用,义乌购,时尚购物,Sat Aug 04 2018 23:21:11 GMT+0800 (中国标准时间)
小米应用,原生态购物,时尚购物,Sat Aug 04 2018 23:21:11 GMT+0800 (中国标准时间)
小米应用,农商通,时尚购物,Sat Aug 04 2018 23:21:11 GMT+0800 (中国标准时间)
小米应用,绿岭经销商,时尚购物,Sat Aug 04 2018 23:21:11 GMT+0800 (中国标准时间)
小米应用,三主粮之家,时尚购物,Sat Aug 04 2018 23:21:11 GMT+0800 (中国标准时间)
小米应用,百食百鲜,时尚购物,Sat Aug 04 2018 23:21:11 GMT+0800 (中国标准时间)
小米应用,趴趴派客,时尚购物,Sat Aug 04 2018 23:21:11 GMT+0800 (中国标准时间)
小米应用,高佣兼职,时尚购物,Sat Aug 04 2018 23:21:11 GMT+0800 (中国标准时间)
小米应用,油帮帮企业版,旅行交通,Sat Aug 04 2018 23:21:12 GMT+0800 (中国标准时间)
小米应用,婚行,旅行交通,Sat Aug 04 2018 23:21:12 GMT+0800 (中国标准时间)
小米应用,彝人悉游,旅行交通,Sat Aug 04 2018 23:21:12 GMT+0800 (中国标准时间)
小米应用,路易达-货主,旅行交通,Sat Aug 04 2018 23:21:12 GMT+0800 (中国标准时间)
小米应用,救驾侠,旅行交通,Sat Aug 04 2018 23:21:12 GMT+0800 (中国标准时间)
小米应用,车萝卜小蜜,旅行交通,Sat Aug 04 2018 23:21:12 GMT+0800 (中国标准时间)
小米应用,途家-短租民宿,旅行交通,Sat Aug 04 2018 23:21:12 GMT+0800 (中国标准时间)
小米应用,神马专车,旅行交通,Sat Aug 04 2018 23:21:12 GMT+0800 (中国标准时间)
小米应用,云游佳乡,旅行交通,Sat Aug 04 2018 23:21:12 GMT+0800 (中国标准时间)
小米应用,TRAVEL JAPAN Wi-Fi,旅行交通,Sat Aug 04 2018 23:21:12 GMT+0800 (中国标准时间)
小米应用,星城公交,旅行交通,Sat Aug 04 2018 23:21:12 GMT+0800 (中国标准时间)
小米应用,MAX户外,旅行交通,Sat Aug 04 2018 23:21:12 GMT+0800 (中国标准时间)
小米应用,游布斯旅行,旅行交通,Sat Aug 04 2018 23:21:12 GMT+0800 (中国标准时间)
小米应用,创格车管家,旅行交通,Sat Aug 04 2018 23:21:12 GMT+0800 (中国标准时间)
小米应用,滴滴出行,旅行交通,Sat Aug 04 2018 23:21:12 GMT+0800 (中国标准时间)
小米应用,优食客,居家生活,Sat Aug 04 2018 23:21:12 GMT+0800 (中国标准时间)
小米应用,起步司机,旅行交通,Sat Aug 04 2018 23:21:12 GMT+0800 (中国标准时间)
小米应用,掌讯宝Pro,居家生活,Sat Aug 04 2018 23:21:12 GMT+0800 (中国标准时间)
小米应用,食得鲜,居家生活,Sat Aug 04 2018 23:21:12 GMT+0800 (中国标准时间)
小米应用,好运天气,居家生活,Sat Aug 04 2018 23:21:12 GMT+0800 (中国标准时间)
小米应用,玛雅天气,居家生活,Sat Aug 04 2018 23:21:12 GMT+0800 (中国标准时间)
小米应用,货拉拉-拉货搬家,居家生活,Sat Aug 04 2018 23:21:12 GMT+0800 (中国标准时间)
小米应用,e约车,旅行交通,Sat Aug 04 2018 23:21:12 GMT+0800 (中国标准时间)
小米应用,铁路伴侣,旅行交通,Sat Aug 04 2018 23:21:12 GMT+0800 (中国标准时间)
小米应用,亿点连接-万能密匙,旅行交通,Sat Aug 04 2018 23:21:12 GMT+0800 (中国标准时间)
小米应用,优食客农户端,居家生活,Sat Aug 04 2018 23:21:12 GMT+0800 (中国标准时间)
小米应用,卡米汽车,居家生活,Sat Aug 04 2018 23:21:12 GMT+0800 (中国标准时间)
小米应用,美团轻收银,居家生活,Sat Aug 04 2018 23:21:12 GMT+0800 (中国标准时间)
小米应用,滴滴商户,居家生活,Sat Aug 04 2018 23:21:12 GMT+0800 (中国标准时间)
小米应用,小二租车,旅行交通,Sat Aug 04 2018 23:21:12 GMT+0800 (中国标准时间)
小米应用,蚂蚁配送员,居家生活,Sat Aug 04 2018 23:21:12 GMT+0800 (中国标准时间)
小米应用,舒心师傅,居家生活,Sat Aug 04 2018 23:21:12 GMT+0800 (中国标准时间)
小米应用,享约车(司机),旅行交通,Sat Aug 04 2018 23:21:12 GMT+0800 (中国标准时间)
小米应用,装修保障网,居家生活,Sat Aug 04 2018 23:21:12 GMT+0800 (中国标准时间)
小米应用,爱出门,旅行交通,Sat Aug 04 2018 23:21:12 GMT+0800 (中国标准时间)
小米应用,华新司机,旅行交通,Sat Aug 04 2018 23:21:12 GMT+0800 (中国标准时间)
小米应用,智能橱柜,居家生活,Sat Aug 04 2018 23:21:12 GMT+0800 (中国标准时间)
小米应用,同心社,居家生活,Sat Aug 04 2018 23:21:12 GMT+0800 (中国标准时间)
小米应用,我的抚州,居家生活,Sat Aug 04 2018 23:21:12 GMT+0800 (中国标准时间)
小米应用,乐铺商铺转让出租,居家生活,Sat Aug 04 2018 23:21:12 GMT+0800 (中国标准时间)
小米应用,滴滴顺风车,旅行交通,Sat Aug 04 2018 23:21:12 GMT+0800 (中国标准时间)
小米应用,UniKong,居家生活,Sat Aug 04 2018 23:21:12 GMT+0800 (中国标准时间)
小米应用,小够社区,居家生活,Sat Aug 04 2018 23:21:12 GMT+0800 (中国标准时间)
小米应用,神州租车,旅行交通,Sat Aug 04 2018 23:21:12 GMT+0800 (中国标准时间)
小米应用,优驾,旅行交通,Sat Aug 04 2018 23:21:12 GMT+0800 (中国标准时间)
小米应用,京东微工,居家生活,Sat Aug 04 2018 23:21:12 GMT+0800 (中国标准时间)
小米应用,万游宝,旅行交通,Sat Aug 04 2018 23:21:12 GMT+0800 (中国标准时间)
小米应用,智易停,旅行交通,Sat Aug 04 2018 23:21:12 GMT+0800 (中国标准时间)
小米应用,店客宝,居家生活,Sat Aug 04 2018 23:21:12 GMT+0800 (中国标准时间)
小米应用,邕城市民宝,居家生活,Sat Aug 04 2018 23:21:12 GMT+0800 (中国标准时间)
小米应用,合发,居家生活,Sat Aug 04 2018 23:21:12 GMT+0800 (中国标准时间)
小米应用,皇包车司导端,旅行交通,Sat Aug 04 2018 23:21:12 GMT+0800 (中国标准时间)
小米应用,美团,居家生活,Sat Aug 04 2018 23:21:12 GMT+0800 (中国标准时间)
小米应用,医院食安追溯,居家生活,Sat Aug 04 2018 23:21:12 GMT+0800 (中国标准时间)
小米应用,百场汇,旅行交通,Sat Aug 04 2018 23:21:12 GMT+0800 (中国标准时间)
小米应用,常州社保通,居家生活,Sat Aug 04 2018 23:21:12 GMT+0800 (中国标准时间)
小米应用,派职,居家生活,Sat Aug 04 2018 23:21:12 GMT+0800 (中国标准时间)
小米应用,电圈众包,居家生活,Sat Aug 04 2018 23:21:12 GMT+0800 (中国标准时间)
小米应用,蚂蚁专送,居家生活,Sat Aug 04 2018 23:21:12 GMT+0800 (中国标准时间)
小米应用,城家管家,居家生活,Sat Aug 04 2018 23:21:12 GMT+0800 (中国标准时间)
小米应用,病历管家,医疗健康,Sat Aug 04 2018 23:21:14 GMT+0800 (中国标准时间)
小米应用,160商户,医疗健康,Sat Aug 04 2018 23:21:14 GMT+0800 (中国标准时间)
小米应用,得上健康,医疗健康,Sat Aug 04 2018 23:21:14 GMT+0800 (中国标准时间)
小米应用,泓华医生,医疗健康,Sat Aug 04 2018 23:21:14 GMT+0800 (中国标准时间)
小米应用,药匣子用户版,医疗健康,Sat Aug 04 2018 23:21:14 GMT+0800 (中国标准时间)
小米应用,小小医,医疗健康,Sat Aug 04 2018 23:21:14 GMT+0800 (中国标准时间)
小米应用,YaYa医师,医疗健康,Sat Aug 04 2018 23:21:14 GMT+0800 (中国标准时间)
小米应用,康美生活馆,医疗健康,Sat Aug 04 2018 23:21:14 GMT+0800 (中国标准时间)
小米应用,中医通,医疗健康,Sat Aug 04 2018 23:21:14 GMT+0800 (中国标准时间)
小米应用,美业邦商户,医疗健康,Sat Aug 04 2018 23:21:14 GMT+0800 (中国标准时间)
小米应用,塑美,医疗健康,Sat Aug 04 2018 23:21:14 GMT+0800 (中国标准时间)
小米应用,掌上同济,医疗健康,Sat Aug 04 2018 23:21:14 GMT+0800 (中国标准时间)
小米应用,辰星医药,医疗健康,Sat Aug 04 2018 23:21:14 GMT+0800 (中国标准时间)
小米应用,名医在线,医疗健康,Sat Aug 04 2018 23:21:14 GMT+0800 (中国标准时间)
小米应用,医随身医生版,医疗健康,Sat Aug 04 2018 23:21:14 GMT+0800 (中国标准时间)
小米应用,中优摇篮,医疗健康,Sat Aug 04 2018 23:21:14 GMT+0800 (中国标准时间)
小米应用,易加医,医疗健康,Sat Aug 04 2018 23:21:14 GMT+0800 (中国标准时间)
小米应用,Hi 医生,医疗健康,Sat Aug 04 2018 23:21:14 GMT+0800 (中国标准时间)
小米应用,脑计划提升,医疗健康,Sat Aug 04 2018 23:21:14 GMT+0800 (中国标准时间)
小米应用,护血糖,医疗健康,Sat Aug 04 2018 23:21:14 GMT+0800 (中国标准时间)
小米应用,壹心理-心理咨询,医疗健康,Sat Aug 04 2018 23:21:14 GMT+0800 (中国标准时间)
小米应用,药师帮,医疗健康,Sat Aug 04 2018 23:21:14 GMT+0800 (中国标准时间)
小米应用,易加医医生端,医疗健康,Sat Aug 04 2018 23:21:14 GMT+0800 (中国标准时间)
小米应用,金牌康护,医疗健康,Sat Aug 04 2018 23:21:14 GMT+0800 (中国标准时间)
小米应用,共享大夫,医疗健康,Sat Aug 04 2018 23:21:14 GMT+0800 (中国标准时间)
小米应用,佑蜜,医疗健康,Sat Aug 04 2018 23:21:14 GMT+0800 (中国标准时间)
小米应用,CareU&middot;睿贴心,医疗健康,Sat Aug 04 2018 23:21:14 GMT+0800 (中国标准时间)
小米应用,左手医生,医疗健康,Sat Aug 04 2018 23:21:14 GMT+0800 (中国标准时间)
小米应用,宝宝知道,医疗健康,Sat Aug 04 2018 23:21:14 GMT+0800 (中国标准时间)
小米应用,检康,医疗健康,Sat Aug 04 2018 23:21:14 GMT+0800 (中国标准时间)
小米应用,人人出彩,摄影摄像,Sat Aug 04 2018 23:21:14 GMT+0800 (中国标准时间)
小米应用,NOMO,摄影摄像,Sat Aug 04 2018 23:21:14 GMT+0800 (中国标准时间)
小米应用,相册管家-腾讯出品,摄影摄像,Sat Aug 04 2018 23:21:14 GMT+0800 (中国标准时间)
小米应用,太印生活-照片冲印,摄影摄像,Sat Aug 04 2018 23:21:14 GMT+0800 (中国标准时间)
小米应用,时光小视频,摄影摄像,Sat Aug 04 2018 23:21:14 GMT+0800 (中国标准时间)
小米应用,逗图,摄影摄像,Sat Aug 04 2018 23:21:14 GMT+0800 (中国标准时间)
小米应用,nice,摄影摄像,Sat Aug 04 2018 23:21:14 GMT+0800 (中国标准时间)
小米应用,火山小视频,摄影摄像,Sat Aug 04 2018 23:21:14 GMT+0800 (中国标准时间)
小米应用,InShot - 视频编辑器,摄影摄像,Sat Aug 04 2018 23:21:14 GMT+0800 (中国标准时间)
小米应用,黑咔相机,摄影摄像,Sat Aug 04 2018 23:21:14 GMT+0800 (中国标准时间)
小米应用,酷音短视频,摄影摄像,Sat Aug 04 2018 23:21:14 GMT+0800 (中国标准时间)
小米应用,抠图P图秀,摄影摄像,Sat Aug 04 2018 23:21:14 GMT+0800 (中国标准时间)
小米应用,美拍,摄影摄像,Sat Aug 04 2018 23:21:14 GMT+0800 (中国标准时间)
小米应用,美图秀秀,摄影摄像,Sat Aug 04 2018 23:21:14 GMT+0800 (中国标准时间)
小米应用,美册音乐相册,摄影摄像,Sat Aug 04 2018 23:21:14 GMT+0800 (中国标准时间)
小米应用,抖音短视频,摄影摄像,Sat Aug 04 2018 23:21:14 GMT+0800 (中国标准时间)
小米应用,Insta360 Air,摄影摄像,Sat Aug 04 2018 23:21:14 GMT+0800 (中国标准时间)
小米应用,小咖秀-表演短视频,摄影摄像,Sat Aug 04 2018 23:21:14 GMT+0800 (中国标准时间)
小米应用,XEFX,摄影摄像,Sat Aug 04 2018 23:21:14 GMT+0800 (中国标准时间)
小米应用,咔咔兔,摄影摄像,Sat Aug 04 2018 23:21:14 GMT+0800 (中国标准时间)
小米应用,爱尚色,摄影摄像,Sat Aug 04 2018 23:21:14 GMT+0800 (中国标准时间)
小米应用,超级相机,摄影摄像,Sat Aug 04 2018 23:21:14 GMT+0800 (中国标准时间)
小米应用,优美图,摄影摄像,Sat Aug 04 2018 23:21:14 GMT+0800 (中国标准时间)
小米应用,GIF制作,摄影摄像,Sat Aug 04 2018 23:21:14 GMT+0800 (中国标准时间)
小米应用,天天P图,摄影摄像,Sat Aug 04 2018 23:21:14 GMT+0800 (中国标准时间)
小米应用,简影,摄影摄像,Sat Aug 04 2018 23:21:14 GMT+0800 (中国标准时间)
小米应用,网易戏精,摄影摄像,Sat Aug 04 2018 23:21:14 GMT+0800 (中国标准时间)
小米应用,相机360,摄影摄像,Sat Aug 04 2018 23:21:14 GMT+0800 (中国标准时间)
小米应用,GIF大师,摄影摄像,Sat Aug 04 2018 23:21:14 GMT+0800 (中国标准时间)
小米应用,艺术家,摄影摄像,Sat Aug 04 2018 23:21:14 GMT+0800 (中国标准时间)
小米应用,遂川之声,新闻资讯,Sat Aug 04 2018 23:21:15 GMT+0800 (中国标准时间)
小米应用,币球,新闻资讯,Sat Aug 04 2018 23:21:15 GMT+0800 (中国标准时间)
小米应用,易车,新闻资讯,Sat Aug 04 2018 23:21:15 GMT+0800 (中国标准时间)
小米应用,微热点,新闻资讯,Sat Aug 04 2018 23:21:15 GMT+0800 (中国标准时间)
小米应用,寿光头条,新闻资讯,Sat Aug 04 2018 23:21:15 GMT+0800 (中国标准时间)
小米应用,环球TIME,新闻资讯,Sat Aug 04 2018 23:21:15 GMT+0800 (中国标准时间)
小米应用,IT168,新闻资讯,Sat Aug 04 2018 23:21:15 GMT+0800 (中国标准时间)
小米应用,老干部,新闻资讯,Sat Aug 04 2018 23:21:15 GMT+0800 (中国标准时间)
小米应用,米车生活,新闻资讯,Sat Aug 04 2018 23:21:15 GMT+0800 (中国标准时间)
小米应用,全景资本圈,新闻资讯,Sat Aug 04 2018 23:21:15 GMT+0800 (中国标准时间)
小米应用,今日头条极速版,新闻资讯,Sat Aug 04 2018 23:21:15 GMT+0800 (中国标准时间)
小米应用,财联社,新闻资讯,Sat Aug 04 2018 23:21:15 GMT+0800 (中国标准时间)
小米应用,第一楼市,新闻资讯,Sat Aug 04 2018 23:21:15 GMT+0800 (中国标准时间)
小米应用,知领,新闻资讯,Sat Aug 04 2018 23:21:15 GMT+0800 (中国标准时间)
小米应用,网易新闻-头条版,新闻资讯,Sat Aug 04 2018 23:21:15 GMT+0800 (中国标准时间)
小米应用,大学生头条,新闻资讯,Sat Aug 04 2018 23:21:15 GMT+0800 (中国标准时间)
小米应用,天天快报,新闻资讯,Sat Aug 04 2018 23:21:15 GMT+0800 (中国标准时间)
小米应用,能源Link,新闻资讯,Sat Aug 04 2018 23:21:15 GMT+0800 (中国标准时间)
小米应用,网上车市,新闻资讯,Sat Aug 04 2018 23:21:15 GMT+0800 (中国标准时间)
小米应用,手机搜狐,新闻资讯,Sat Aug 04 2018 23:21:15 GMT+0800 (中国标准时间)
小米应用,今日爆点,新闻资讯,Sat Aug 04 2018 23:21:15 GMT+0800 (中国标准时间)
小米应用,牛牛头条,新闻资讯,Sat Aug 04 2018 23:21:15 GMT+0800 (中国标准时间)
小米应用,涛涛头条,新闻资讯,Sat Aug 04 2018 23:21:15 GMT+0800 (中国标准时间)
小米应用,在市北,新闻资讯,Sat Aug 04 2018 23:21:15 GMT+0800 (中国标准时间)
小米应用,爱上头条,新闻资讯,Sat Aug 04 2018 23:21:15 GMT+0800 (中国标准时间)
小米应用,装修头条,新闻资讯,Sat Aug 04 2018 23:21:15 GMT+0800 (中国标准时间)
小米应用,米尔军事,新闻资讯,Sat Aug 04 2018 23:21:15 GMT+0800 (中国标准时间)
小米应用,品位忠州,新闻资讯,Sat Aug 04 2018 23:21:15 GMT+0800 (中国标准时间)
小米应用,本周,新闻资讯,Sat Aug 04 2018 23:21:15 GMT+0800 (中国标准时间)
小米应用,创头条,新闻资讯,Sat Aug 04 2018 23:21:15 GMT+0800 (中国标准时间)
小米应用,汇运动,体育运动,Sat Aug 04 2018 23:21:15 GMT+0800 (中国标准时间)
小米应用,Inside,体育运动,Sat Aug 04 2018 23:21:15 GMT+0800 (中国标准时间)
小米应用,Gfit,体育运动,Sat Aug 04 2018 23:21:15 GMT+0800 (中国标准时间)
小米应用,优体健康+,体育运动,Sat Aug 04 2018 23:21:15 GMT+0800 (中国标准时间)
小米应用,行悦部落,体育运动,Sat Aug 04 2018 23:21:15 GMT+0800 (中国标准时间)
小米应用,简动,体育运动,Sat Aug 04 2018 23:21:15 GMT+0800 (中国标准时间)
小米应用,Wondball-运动短视频社区,体育运动,Sat Aug 04 2018 23:21:15 GMT+0800 (中国标准时间)
小米应用,斤斗云健身,体育运动,Sat Aug 04 2018 23:21:15 GMT+0800 (中国标准时间)
小米应用,立咕运动,体育运动,Sat Aug 04 2018 23:21:15 GMT+0800 (中国标准时间)
小米应用,牛郎运动,体育运动,Sat Aug 04 2018 23:21:15 GMT+0800 (中国标准时间)
小米应用,PP体育,体育运动,Sat Aug 04 2018 23:21:15 GMT+0800 (中国标准时间)
小米应用,腰果直播,体育运动,Sat Aug 04 2018 23:21:15 GMT+0800 (中国标准时间)
小米应用,币运动,体育运动,Sat Aug 04 2018 23:21:15 GMT+0800 (中国标准时间)
小米应用,快乐跑,体育运动,Sat Aug 04 2018 23:21:15 GMT+0800 (中国标准时间)
小米应用,Fitback助教,体育运动,Sat Aug 04 2018 23:21:15 GMT+0800 (中国标准时间)
小米应用,FitTime,体育运动,Sat Aug 04 2018 23:21:15 GMT+0800 (中国标准时间)
小米应用,Connect,体育运动,Sat Aug 04 2018 23:21:15 GMT+0800 (中国标准时间)
小米应用,芸动汇,体育运动,Sat Aug 04 2018 23:21:15 GMT+0800 (中国标准时间)
小米应用,爱云动,体育运动,Sat Aug 04 2018 23:21:15 GMT+0800 (中国标准时间)
小米应用,HeyBand,体育运动,Sat Aug 04 2018 23:21:15 GMT+0800 (中国标准时间)
小米应用,SPAX,体育运动,Sat Aug 04 2018 23:21:15 GMT+0800 (中国标准时间)
小米应用,马拉马拉,体育运动,Sat Aug 04 2018 23:21:15 GMT+0800 (中国标准时间)
小米应用,鹰和鹰,体育运动,Sat Aug 04 2018 23:21:15 GMT+0800 (中国标准时间)
小米应用,群体通,体育运动,Sat Aug 04 2018 23:21:15 GMT+0800 (中国标准时间)
小米应用,AIBO SPORT,体育运动,Sat Aug 04 2018 23:21:15 GMT+0800 (中国标准时间)
小米应用,全是瑜,体育运动,Sat Aug 04 2018 23:21:15 GMT+0800 (中国标准时间)
小米应用,全民约跑,体育运动,Sat Aug 04 2018 23:21:15 GMT+0800 (中国标准时间)
小米应用,A8体育直播,体育运动,Sat Aug 04 2018 23:21:15 GMT+0800 (中国标准时间)
小米应用,卡丁手挽手,体育运动,Sat Aug 04 2018 23:21:15 GMT+0800 (中国标准时间)
小米应用,蜗牛瑜家,体育运动,Sat Aug 04 2018 23:21:15 GMT+0800 (中国标准时间)
小米应用,溜溜好运八字排盘,娱乐消遣,Sat Aug 04 2018 23:21:16 GMT+0800 (中国标准时间)
小米应用,星座运势大全,娱乐消遣,Sat Aug 04 2018 23:21:16 GMT+0800 (中国标准时间)
小米应用,皮皮虾社区,娱乐消遣,Sat Aug 04 2018 23:21:16 GMT+0800 (中国标准时间)
小米应用,生肖星座宝典,娱乐消遣,Sat Aug 04 2018 23:21:16 GMT+0800 (中国标准时间)
小米应用,33IQ,娱乐消遣,Sat Aug 04 2018 23:21:16 GMT+0800 (中国标准时间)
小米应用,腾讯游戏管家,娱乐消遣,Sat Aug 04 2018 23:21:16 GMT+0800 (中国标准时间)
小米应用,人猫人狗交流器,娱乐消遣,Sat Aug 04 2018 23:21:16 GMT+0800 (中国标准时间)
小米应用,看图猜明星小时候,娱乐消遣,Sat Aug 04 2018 23:21:16 GMT+0800 (中国标准时间)
小米应用,毛球,娱乐消遣,Sat Aug 04 2018 23:21:16 GMT+0800 (中国标准时间)
小米应用,熊熊抓娃娃,娱乐消遣,Sat Aug 04 2018 23:21:16 GMT+0800 (中国标准时间)
小米应用,火热娃娃机,娱乐消遣,Sat Aug 04 2018 23:21:16 GMT+0800 (中国标准时间)
小米应用,测测颜值吧,娱乐消遣,Sat Aug 04 2018 23:21:16 GMT+0800 (中国标准时间)
小米应用,汤姆抓娃娃,娱乐消遣,Sat Aug 04 2018 23:21:16 GMT+0800 (中国标准时间)
小米应用,炫酷铃声,娱乐消遣,Sat Aug 04 2018 23:21:16 GMT+0800 (中国标准时间)
小米应用,人猫交流器,娱乐消遣,Sat Aug 04 2018 23:21:16 GMT+0800 (中国标准时间)
小米应用,狗语翻译器,娱乐消遣,Sat Aug 04 2018 23:21:16 GMT+0800 (中国标准时间)
小米应用,埋堆堆,娱乐消遣,Sat Aug 04 2018 23:21:16 GMT+0800 (中国标准时间)
小米应用,全民装扮庄园,娱乐消遣,Sat Aug 04 2018 23:21:16 GMT+0800 (中国标准时间)
小米应用,个性签名网名分组,娱乐消遣,Sat Aug 04 2018 23:21:16 GMT+0800 (中国标准时间)
小米应用,猫爪荐游,娱乐消遣,Sat Aug 04 2018 23:21:16 GMT+0800 (中国标准时间)
小米应用,海盗抓娃娃,娱乐消遣,Sat Aug 04 2018 23:21:16 GMT+0800 (中国标准时间)
小米应用,嘟嘟抓娃娃,娱乐消遣,Sat Aug 04 2018 23:21:16 GMT+0800 (中国标准时间)
小米应用,酷签签名设计,娱乐消遣,Sat Aug 04 2018 23:21:16 GMT+0800 (中国标准时间)
小米应用,太阳城查数易,娱乐消遣,Sat Aug 04 2018 23:21:16 GMT+0800 (中国标准时间)
小米应用,人狗猫交流器,娱乐消遣,Sat Aug 04 2018 23:21:16 GMT+0800 (中国标准时间)
小米应用,爆裂抓娃娃,娱乐消遣,Sat Aug 04 2018 23:21:16 GMT+0800 (中国标准时间)
小米应用,快爽小才华,娱乐消遣,Sat Aug 04 2018 23:21:16 GMT+0800 (中国标准时间)
小米应用,小额贷款,金融理财,Sat Aug 04 2018 23:21:16 GMT+0800 (中国标准时间)
小米应用,贷款APP,金融理财,Sat Aug 04 2018 23:21:16 GMT+0800 (中国标准时间)
小米应用,急速贷-借钱贷款,金融理财,Sat Aug 04 2018 23:21:16 GMT+0800 (中国标准时间)
小米应用,PPmoney理财,金融理财,Sat Aug 04 2018 23:21:16 GMT+0800 (中国标准时间)
小米应用,桔子优卡,金融理财,Sat Aug 04 2018 23:21:16 GMT+0800 (中国标准时间)
小米应用,领涨股-股票炒股,金融理财,Sat Aug 04 2018 23:21:16 GMT+0800 (中国标准时间)
小米应用,网易有钱记账,金融理财,Sat Aug 04 2018 23:21:16 GMT+0800 (中国标准时间)
小米应用,PPmoney网贷,金融理财,Sat Aug 04 2018 23:21:16 GMT+0800 (中国标准时间)
小米应用,卡牛信用管家,金融理财,Sat Aug 04 2018 23:21:16 GMT+0800 (中国标准时间)
小米应用,现金小额贷款-借钱,金融理财,Sat Aug 04 2018 23:21:16 GMT+0800 (中国标准时间)
小米应用,个人社保查询,金融理财,Sat Aug 04 2018 23:21:16 GMT+0800 (中国标准时间)
小米应用,有币,金融理财,Sat Aug 04 2018 23:21:16 GMT+0800 (中国标准时间)
小米应用,借钱花,金融理财,Sat Aug 04 2018 23:21:16 GMT+0800 (中国标准时间)
小米应用,玖富金融,金融理财,Sat Aug 04 2018 23:21:16 GMT+0800 (中国标准时间)
小米应用,公积金管家,金融理财,Sat Aug 04 2018 23:21:16 GMT+0800 (中国标准时间)
小米应用,U袋,金融理财,Sat Aug 04 2018 23:21:16 GMT+0800 (中国标准时间)
小米应用,钱大掌柜,金融理财,Sat Aug 04 2018 23:21:16 GMT+0800 (中国标准时间)
小米应用,一贯,金融理财,Sat Aug 04 2018 23:21:16 GMT+0800 (中国标准时间)
小米应用,有才金银,金融理财,Sat Aug 04 2018 23:21:16 GMT+0800 (中国标准时间)
小米应用,牛仔网-股票,金融理财,Sat Aug 04 2018 23:21:16 GMT+0800 (中国标准时间)
小米应用,金竹金服,金融理财,Sat Aug 04 2018 23:21:16 GMT+0800 (中国标准时间)
小米应用,泰然金融,金融理财,Sat Aug 04 2018 23:21:16 GMT+0800 (中国标准时间)
小米应用,拍拍贷款,金融理财,Sat Aug 04 2018 23:21:16 GMT+0800 (中国标准时间)
小米应用,行唐利丰村镇银行,金融理财,Sat Aug 04 2018 23:21:16 GMT+0800 (中国标准时间)
小米应用,宜人财富,金融理财,Sat Aug 04 2018 23:21:16 GMT+0800 (中国标准时间)
小米应用,宜借款-借钱,金融理财,Sat Aug 04 2018 23:21:16 GMT+0800 (中国标准时间)
小米应用,收钱呗,金融理财,Sat Aug 04 2018 23:21:16 GMT+0800 (中国标准时间)
小米应用,平安口袋财务,金融理财,Sat Aug 04 2018 23:21:16 GMT+0800 (中国标准时间)
小米应用,中关村银行,金融理财,Sat Aug 04 2018 23:21:16 GMT+0800 (中国标准时间)
小米应用,现金巴士,金融理财,Sat Aug 04 2018 23:21:16 GMT+0800 (中国标准时间)
小米应用,三十六计-拥三国佳人,战争策略,Sat Aug 04 2018 23:21:16 GMT+0800 (中国标准时间)
小米应用,坦克警戒,战争策略,Sat Aug 04 2018 23:21:16 GMT+0800 (中国标准时间)
小米应用,坦克联盟,战争策略,Sat Aug 04 2018 23:21:16 GMT+0800 (中国标准时间)
小米应用,海盗世界：海战,战争策略,Sat Aug 04 2018 23:21:16 GMT+0800 (中国标准时间)
小米应用,三国战争-等级扩充,战争策略,Sat Aug 04 2018 23:21:16 GMT+0800 (中国标准时间)
小米应用,战斗之心2,战争策略,Sat Aug 04 2018 23:21:16 GMT+0800 (中国标准时间)
小米应用,天天帝国,战争策略,Sat Aug 04 2018 23:21:16 GMT+0800 (中国标准时间)
小米应用,恶魔守护者2,战争策略,Sat Aug 04 2018 23:21:16 GMT+0800 (中国标准时间)
小米应用,侠义九州,战争策略,Sat Aug 04 2018 23:21:16 GMT+0800 (中国标准时间)
小米应用,勇往直前,战争策略,Sat Aug 04 2018 23:21:16 GMT+0800 (中国标准时间)
小米应用,三国志大战,战争策略,Sat Aug 04 2018 23:21:16 GMT+0800 (中国标准时间)
小米应用,坦克破敌阵-追踪绝杀,战争策略,Sat Aug 04 2018 23:21:16 GMT+0800 (中国标准时间)
小米应用,王者之域-三国策略,战争策略,Sat Aug 04 2018 23:21:16 GMT+0800 (中国标准时间)
小米应用,绝园少女,战争策略,Sat Aug 04 2018 23:21:16 GMT+0800 (中国标准时间)
小米应用,帝国捍卫者-魔法卡牌,战争策略,Sat Aug 04 2018 23:21:16 GMT+0800 (中国标准时间)
小米应用,对攻塔防：符文战争,战争策略,Sat Aug 04 2018 23:21:16 GMT+0800 (中国标准时间)
小米应用,富甲封神传,战争策略,Sat Aug 04 2018 23:21:16 GMT+0800 (中国标准时间)
小米应用,星空要塞,战争策略,Sat Aug 04 2018 23:21:16 GMT+0800 (中国标准时间)
小米应用,帝国战士塔防2,战争策略,Sat Aug 04 2018 23:21:16 GMT+0800 (中国标准时间)
小米应用,圣斗士星矢,战争策略,Sat Aug 04 2018 23:21:16 GMT+0800 (中国标准时间)
小米应用,洪荒神话,战争策略,Sat Aug 04 2018 23:21:16 GMT+0800 (中国标准时间)
小米应用,玩具英雄,战争策略,Sat Aug 04 2018 23:21:16 GMT+0800 (中国标准时间)
小米应用,求生之王,战争策略,Sat Aug 04 2018 23:21:16 GMT+0800 (中国标准时间)
小米应用,长生劫,战争策略,Sat Aug 04 2018 23:21:16 GMT+0800 (中国标准时间)
小米应用,幽蓝边境,战争策略,Sat Aug 04 2018 23:21:16 GMT+0800 (中国标准时间)
小米应用,城堡粉碎战,战争策略,Sat Aug 04 2018 23:21:16 GMT+0800 (中国标准时间)
小米应用,戳爆三国,战争策略,Sat Aug 04 2018 23:21:16 GMT+0800 (中国标准时间)
小米应用,火器文明,战争策略,Sat Aug 04 2018 23:21:16 GMT+0800 (中国标准时间)
小米应用,星战航线,战争策略,Sat Aug 04 2018 23:21:16 GMT+0800 (中国标准时间)
小米应用,逐鹿大唐,战争策略,Sat Aug 04 2018 23:21:16 GMT+0800 (中国标准时间)
小米应用,战斗之心2,动作枪战,Sat Aug 04 2018 23:21:17 GMT+0800 (中国标准时间)
小米应用,灵魂之刃,动作枪战,Sat Aug 04 2018 23:21:17 GMT+0800 (中国标准时间)
小米应用,灵魂之刃,动作枪战,Sat Aug 04 2018 23:21:17 GMT+0800 (中国标准时间)
小米应用,刀剑与灵魂,动作枪战,Sat Aug 04 2018 23:21:17 GMT+0800 (中国标准时间)
小米应用,僵尸猎人王,动作枪战,Sat Aug 04 2018 23:21:17 GMT+0800 (中国标准时间)
小米应用,地球末日：生存,动作枪战,Sat Aug 04 2018 23:21:17 GMT+0800 (中国标准时间)
小米应用,僵尸狙击手3D,动作枪战,Sat Aug 04 2018 23:21:17 GMT+0800 (中国标准时间)
小米应用,变形金刚：百炼为战,动作枪战,Sat Aug 04 2018 23:21:17 GMT+0800 (中国标准时间)
小米应用,绝境幸存者,动作枪战,Sat Aug 04 2018 23:21:17 GMT+0800 (中国标准时间)
小米应用,竭力求生,动作枪战,Sat Aug 04 2018 23:21:17 GMT+0800 (中国标准时间)
小米应用,小米枪战-战场前线,动作枪战,Sat Aug 04 2018 23:21:17 GMT+0800 (中国标准时间)
小米应用,穿越火线-枪战王者,动作枪战,Sat Aug 04 2018 23:21:17 GMT+0800 (中国标准时间)
小米应用,恐龙猎人冒险记,动作枪战,Sat Aug 04 2018 23:21:17 GMT+0800 (中国标准时间)
小米应用,奥特曼格斗之热血英雄,动作枪战,Sat Aug 04 2018 23:21:17 GMT+0800 (中国标准时间)
小米应用,奥特曼联盟之百变超人,动作枪战,Sat Aug 04 2018 23:21:17 GMT+0800 (中国标准时间)
小米应用,融合英雄,动作枪战,Sat Aug 04 2018 23:21:17 GMT+0800 (中国标准时间)
小米应用,乐高：我的城市2,动作枪战,Sat Aug 04 2018 23:21:17 GMT+0800 (中国标准时间)
小米应用,侏罗纪猎人AR,动作枪战,Sat Aug 04 2018 23:21:17 GMT+0800 (中国标准时间)
小米应用,勇者无敌,动作枪战,Sat Aug 04 2018 23:21:17 GMT+0800 (中国标准时间)
小米应用,孤独的托马斯,动作枪战,Sat Aug 04 2018 23:21:17 GMT+0800 (中国标准时间)
小米应用,米拉剑,动作枪战,Sat Aug 04 2018 23:21:17 GMT+0800 (中国标准时间)
小米应用,地牢射手,动作枪战,Sat Aug 04 2018 23:21:17 GMT+0800 (中国标准时间)
小米应用,幻想魔兽勇士,动作枪战,Sat Aug 04 2018 23:21:17 GMT+0800 (中国标准时间)
小米应用,火柴人绳索侠客2,动作枪战,Sat Aug 04 2018 23:21:17 GMT+0800 (中国标准时间)
小米应用,火柴人射手：精英,动作枪战,Sat Aug 04 2018 23:21:17 GMT+0800 (中国标准时间)
小米应用,魂斗罗：归来,动作枪战,Sat Aug 04 2018 23:21:17 GMT+0800 (中国标准时间)
小米应用,孤胆枪手2,动作枪战,Sat Aug 04 2018 23:21:17 GMT+0800 (中国标准时间)
小米应用,热血奥特曼-暴击僵尸,动作枪战,Sat Aug 04 2018 23:21:17 GMT+0800 (中国标准时间)
小米应用,奥特曼格斗进化0,动作枪战,Sat Aug 04 2018 23:21:17 GMT+0800 (中国标准时间)
小米应用,监狱逃生,动作枪战,Sat Aug 04 2018 23:21:17 GMT+0800 (中国标准时间)
小米应用,足球联盟：疯狂足球,赛车体育,Sat Aug 04 2018 23:21:18 GMT+0800 (中国标准时间)
小米应用,终极足球,赛车体育,Sat Aug 04 2018 23:21:18 GMT+0800 (中国标准时间)
小米应用,疯狂怪物卡车,赛车体育,Sat Aug 04 2018 23:21:18 GMT+0800 (中国标准时间)
小米应用,猪猪侠之传奇车神,赛车体育,Sat Aug 04 2018 23:21:18 GMT+0800 (中国标准时间)
小米应用,真实摩托锦标赛,赛车体育,Sat Aug 04 2018 23:21:18 GMT+0800 (中国标准时间)
小米应用,火柴人网球2015,赛车体育,Sat Aug 04 2018 23:21:18 GMT+0800 (中国标准时间)
小米应用,极速狂飙2,赛车体育,Sat Aug 04 2018 23:21:18 GMT+0800 (中国标准时间)
小米应用,公路骑手,赛车体育,Sat Aug 04 2018 23:21:18 GMT+0800 (中国标准时间)
小米应用,王者NBA,赛车体育,Sat Aug 04 2018 23:21:18 GMT+0800 (中国标准时间)
小米应用,碰撞大赛2,赛车体育,Sat Aug 04 2018 23:21:18 GMT+0800 (中国标准时间)
小米应用,急速飞车终极狂飙,赛车体育,Sat Aug 04 2018 23:21:18 GMT+0800 (中国标准时间)
小米应用,天天闯关-登山单机赛车,赛车体育,Sat Aug 04 2018 23:21:18 GMT+0800 (中国标准时间)
小米应用,篮球之战,赛车体育,Sat Aug 04 2018 23:21:18 GMT+0800 (中国标准时间)
小米应用,猪猪侠之传奇车神2,赛车体育,Sat Aug 04 2018 23:21:18 GMT+0800 (中国标准时间)
小米应用,疯狂任意球,赛车体育,Sat Aug 04 2018 23:21:18 GMT+0800 (中国标准时间)
小米应用,单机狂野赛车,赛车体育,Sat Aug 04 2018 23:21:18 GMT+0800 (中国标准时间)
小米应用,山地越野摩托车,赛车体育,Sat Aug 04 2018 23:21:18 GMT+0800 (中国标准时间)
小米应用,羽毛球高高手-双人对战,赛车体育,Sat Aug 04 2018 23:21:18 GMT+0800 (中国标准时间)
小米应用,台球-欢乐桌球,赛车体育,Sat Aug 04 2018 23:21:18 GMT+0800 (中国标准时间)
小米应用,欧冠足球,赛车体育,Sat Aug 04 2018 23:21:18 GMT+0800 (中国标准时间)
小米应用,潮人篮球,赛车体育,Sat Aug 04 2018 23:21:18 GMT+0800 (中国标准时间)
小米应用,大大打篮球,赛车体育,Sat Aug 04 2018 23:21:18 GMT+0800 (中国标准时间)
小米应用,卢卡：足球梦想家,赛车体育,Sat Aug 04 2018 23:21:18 GMT+0800 (中国标准时间)
小米应用,QQ飞车手游,赛车体育,Sat Aug 04 2018 23:21:18 GMT+0800 (中国标准时间)
小米应用,火柴人篮球2017,赛车体育,Sat Aug 04 2018 23:21:18 GMT+0800 (中国标准时间)
小米应用,摩托车直线竟速,赛车体育,Sat Aug 04 2018 23:21:18 GMT+0800 (中国标准时间)
小米应用,汽车运输卡车,赛车体育,Sat Aug 04 2018 23:21:18 GMT+0800 (中国标准时间)
小米应用,赛车赛车-登山飞车3,赛车体育,Sat Aug 04 2018 23:21:18 GMT+0800 (中国标准时间)
小米应用,狂野摔跤,赛车体育,Sat Aug 04 2018 23:21:18 GMT+0800 (中国标准时间)
小米应用,汽车VS摩托车,赛车体育,Sat Aug 04 2018 23:21:18 GMT+0800 (中国标准时间)
小米应用,全民斩仙2,网游RPG,Sat Aug 04 2018 23:21:18 GMT+0800 (中国标准时间)
小米应用,天诀,网游RPG,Sat Aug 04 2018 23:21:18 GMT+0800 (中国标准时间)
小米应用,巴清传-影视授权,网游RPG,Sat Aug 04 2018 23:21:18 GMT+0800 (中国标准时间)
小米应用,小虾米闯江湖,网游RPG,Sat Aug 04 2018 23:21:18 GMT+0800 (中国标准时间)
小米应用,口袋妖怪日月,网游RPG,Sat Aug 04 2018 23:21:18 GMT+0800 (中国标准时间)
小米应用,万道武神,网游RPG,Sat Aug 04 2018 23:21:18 GMT+0800 (中国标准时间)
小米应用,口袋之旅,网游RPG,Sat Aug 04 2018 23:21:18 GMT+0800 (中国标准时间)
小米应用,放置旅团,网游RPG,Sat Aug 04 2018 23:21:18 GMT+0800 (中国标准时间)
小米应用,斗罗大陆神界传说,网游RPG,Sat Aug 04 2018 23:21:18 GMT+0800 (中国标准时间)
小米应用,问道-喜来客栈,网游RPG,Sat Aug 04 2018 23:21:18 GMT+0800 (中国标准时间)
小米应用,仙剑幻境-武侠至尊,网游RPG,Sat Aug 04 2018 23:21:18 GMT+0800 (中国标准时间)
小米应用,九州志-神龙觉醒,网游RPG,Sat Aug 04 2018 23:21:18 GMT+0800 (中国标准时间)
小米应用,剑荡江湖-江湖再现,网游RPG,Sat Aug 04 2018 23:21:18 GMT+0800 (中国标准时间)
小米应用,画江湖盟主,网游RPG,Sat Aug 04 2018 23:21:18 GMT+0800 (中国标准时间)
小米应用,300大作战,网游RPG,Sat Aug 04 2018 23:21:18 GMT+0800 (中国标准时间)
小米应用,雷霆裁决,网游RPG,Sat Aug 04 2018 23:21:18 GMT+0800 (中国标准时间)
小米应用,战国美人-送S级赵云,网游RPG,Sat Aug 04 2018 23:21:18 GMT+0800 (中国标准时间)
小米应用,英雄问天,网游RPG,Sat Aug 04 2018 23:21:18 GMT+0800 (中国标准时间)
小米应用,绝世武林,网游RPG,Sat Aug 04 2018 23:21:18 GMT+0800 (中国标准时间)
小米应用,仙灵觉醒-御灵师,网游RPG,Sat Aug 04 2018 23:21:18 GMT+0800 (中国标准时间)
小米应用,上古扶摇,网游RPG,Sat Aug 04 2018 23:21:18 GMT+0800 (中国标准时间)
小米应用,克隆战争,网游RPG,Sat Aug 04 2018 23:21:18 GMT+0800 (中国标准时间)
小米应用,大话西游,网游RPG,Sat Aug 04 2018 23:21:18 GMT+0800 (中国标准时间)
小米应用,诛剑奇侠传,网游RPG,Sat Aug 04 2018 23:21:18 GMT+0800 (中国标准时间)
小米应用,佛系武侠,网游RPG,Sat Aug 04 2018 23:21:18 GMT+0800 (中国标准时间)
小米应用,我欲独尊Ⅱ-传奇仙侠,网游RPG,Sat Aug 04 2018 23:21:18 GMT+0800 (中国标准时间)
小米应用,游龙传说-云顶天宫,网游RPG,Sat Aug 04 2018 23:21:18 GMT+0800 (中国标准时间)
小米应用,奥特曼英雄归来,网游RPG,Sat Aug 04 2018 23:21:18 GMT+0800 (中国标准时间)
小米应用,灵谕-穿越次元,网游RPG,Sat Aug 04 2018 23:21:18 GMT+0800 (中国标准时间)
小米应用,烈火斩,网游RPG,Sat Aug 04 2018 23:21:18 GMT+0800 (中国标准时间)
小米应用,微乐斗地主,棋牌桌游,Sat Aug 04 2018 23:21:18 GMT+0800 (中国标准时间)
小米应用,单机麻将,棋牌桌游,Sat Aug 04 2018 23:21:18 GMT+0800 (中国标准时间)
小米应用,金字塔纸牌传奇,棋牌桌游,Sat Aug 04 2018 23:21:18 GMT+0800 (中国标准时间)
小米应用,跳跳掼蛋,棋牌桌游,Sat Aug 04 2018 23:21:18 GMT+0800 (中国标准时间)
小米应用,红心镇江麻将,棋牌桌游,Sat Aug 04 2018 23:21:18 GMT+0800 (中国标准时间)
小米应用,红心掼蛋,棋牌桌游,Sat Aug 04 2018 23:21:18 GMT+0800 (中国标准时间)
小米应用,红心斗地主,棋牌桌游,Sat Aug 04 2018 23:21:18 GMT+0800 (中国标准时间)
小米应用,红心自由麻将,棋牌桌游,Sat Aug 04 2018 23:21:18 GMT+0800 (中国标准时间)
小米应用,红心无锡麻将,棋牌桌游,Sat Aug 04 2018 23:21:18 GMT+0800 (中国标准时间)
小米应用,微乐甘肃麻将,棋牌桌游,Sat Aug 04 2018 23:21:18 GMT+0800 (中国标准时间)
小米应用,微乐龙江麻将,棋牌桌游,Sat Aug 04 2018 23:21:18 GMT+0800 (中国标准时间)
小米应用,同城游打大尖-打大a,棋牌桌游,Sat Aug 04 2018 23:21:18 GMT+0800 (中国标准时间)
小米应用,微乐福建麻将,棋牌桌游,Sat Aug 04 2018 23:21:18 GMT+0800 (中国标准时间)
小米应用,单机麻将,棋牌桌游,Sat Aug 04 2018 23:21:18 GMT+0800 (中国标准时间)
小米应用,饭局狼人杀,棋牌桌游,Sat Aug 04 2018 23:21:18 GMT+0800 (中国标准时间)
小米应用,微乐河北麻将,棋牌桌游,Sat Aug 04 2018 23:21:18 GMT+0800 (中国标准时间)
小米应用,贵阳捉鸡麻将方言版,棋牌桌游,Sat Aug 04 2018 23:21:18 GMT+0800 (中国标准时间)
小米应用,微乐江苏麻将,棋牌桌游,Sat Aug 04 2018 23:21:18 GMT+0800 (中国标准时间)
小米应用,微乐陕西麻将,棋牌桌游,Sat Aug 04 2018 23:21:18 GMT+0800 (中国标准时间)
小米应用,斗地主,棋牌桌游,Sat Aug 04 2018 23:21:18 GMT+0800 (中国标准时间)
小米应用,微乐广西麻将,棋牌桌游,Sat Aug 04 2018 23:21:18 GMT+0800 (中国标准时间)
小米应用,微乐辽宁麻将,棋牌桌游,Sat Aug 04 2018 23:21:18 GMT+0800 (中国标准时间)
小米应用,微乐山东麻将,棋牌桌游,Sat Aug 04 2018 23:21:18 GMT+0800 (中国标准时间)
小米应用,地主来了,棋牌桌游,Sat Aug 04 2018 23:21:18 GMT+0800 (中国标准时间)
小米应用,微乐天津麻将,棋牌桌游,Sat Aug 04 2018 23:21:18 GMT+0800 (中国标准时间)
小米应用,微乐吉林麻将,棋牌桌游,Sat Aug 04 2018 23:21:18 GMT+0800 (中国标准时间)
小米应用,微乐四川麻将,棋牌桌游,Sat Aug 04 2018 23:21:18 GMT+0800 (中国标准时间)
小米应用,微乐宁夏麻将,棋牌桌游,Sat Aug 04 2018 23:21:18 GMT+0800 (中国标准时间)
小米应用,微乐江西棋牌,棋牌桌游,Sat Aug 04 2018 23:21:18 GMT+0800 (中国标准时间)
小米应用,麻将高手,棋牌桌游,Sat Aug 04 2018 23:21:18 GMT+0800 (中国标准时间)
